date,close,open,high,low,volume,price_change_pct
2020-01-02,966.67,960.26,966.67,959.67,,0.59
2020-01-03,965.14,968.72,970.88,965.14,,-0.16
2020-01-06,955.79,962.79,963.2,955.59,,-0.97
2020-01-07,958.88,955.79,959.46,953.19,,0.32
2020-01-08,948.98,954.13,955.84,945.28,,-1.03
2020-01-09,960.15,953.86,960.73,952.16,,1.18
2020-01-10,968.54,961.17,969.71,961.17,,0.87
2020-01-13,965.84,966.89,968.63,964.79,,-0.28
2020-01-14,967.0,966.26,968.85,965.76,,0.12
2020-01-15,967.56,967.69,967.69,964.84,,0.06
2020-01-16,974.31,967.2,974.7,967.17,,0.7
2020-01-17,978.96,976.28,980.02,973.79,,0.48
2020-01-20,978.63,978.23,979.85,975.93,,-0.03
2020-01-21,986.37,978.82,986.37,978.82,,0.79
2020-01-22,991.46,986.52,991.46,983.92,,0.52
2020-01-30,959.58,975.15,977.72,954.0,,-3.22
2020-01-31,936.62,959.58,960.96,936.62,,-2.39
2020-02-03,928.14,916.6,930.37,891.85,,-0.91
2020-02-04,929.09,929.42,934.91,919.33,,0.1
2020-02-05,925.91,934.75,936.33,921.89,,-0.34
2020-02-06,938.54,926.66,938.54,925.21,,1.36
2020-02-07,940.75,938.61,943.48,935.94,,0.24
2020-02-10,930.73,934.38,935.87,926.61,,-1.07
2020-02-11,934.67,930.73,936.04,930.73,,0.42
2020-02-12,937.68,940.72,943.11,937.34,,0.32
2020-02-13,938.24,937.19,939.1,934.47,,0.06
2020-02-14,937.45,939.28,940.65,936.47,,-0.08
2020-02-17,934.77,938.52,938.52,931.66,,-0.29
2020-02-18,927.93,934.47,934.98,926.01,,-0.73
2020-02-19,928.76,926.41,931.66,925.86,,0.09
2020-02-20,938.13,933.69,938.13,930.41,,1.01
2020-02-21,933.09,938.13,940.53,932.32,,-0.54
2020-02-24,903.34,917.49,917.49,903.34,,-3.19
2020-02-25,909.67,893.95,909.67,893.95,,0.7
2020-02-26,895.97,901.51,903.27,894.25,,-1.51
2020-02-27,898.44,892.15,899.34,889.14,,0.28
2020-02-28,882.19,885.47,887.07,872.46,,-1.81
2020-03-02,884.43,878.43,886.45,877.31,,0.25
2020-03-03,890.61,895.39,896.39,890.06,,0.7
2020-03-04,889.37,887.85,889.85,882.83,,-0.14
2020-03-05,893.31,892.71,898.43,891.2,,0.44
2020-03-06,891.44,888.96,891.44,882.71,,-0.21
2020-03-09,835.49,875.8,875.8,834.67,,-6.28
2020-03-10,837.5,813.83,843.28,806.63,,0.24
2020-03-11,811.35,843.52,844.94,794.54,,-3.12
2020-03-12,769.25,778.06,778.06,762.12,,-5.19
2020-03-13,761.78,750.56,764.69,723.42,,-0.97
2020-03-16,747.86,758.28,758.59,737.58,,-1.83
2020-03-17,745.78,724.07,750.03,721.84,,-0.28
2020-03-18,747.66,747.4,752.65,742.12,,0.25
2020-03-19,725.94,732.35,733.43,714.02,,-2.91
2020-03-20,709.73,728.55,729.35,709.73,,-2.23
2020-03-23,666.59,694.77,694.77,664.23,,-6.08
2020-03-24,659.21,666.59,666.59,652.27,,-1.11
2020-03-25,690.25,669.76,690.25,667.58,,4.71
2020-03-26,694.21,689.0,700.76,680.1,,0.57
2020-03-27,696.06,692.54,703.22,682.52,,0.27
2020-03-30,662.26,663.91,665.56,657.36,,-4.86
2020-03-31,662.53,669.74,678.64,649.1,,0.04
2020-04-01,680.23,658.8,684.96,657.41,,2.67
2020-04-03,701.8,687.92,701.8,687.92,,3.17
2020-04-06,736.75,716.22,736.75,715.39,,4.98
2020-04-07,746.69,744.97,749.13,730.28,,1.35
2020-04-08,748.02,740.03,748.36,730.12,,0.18
2020-04-09,760.33,751.08,765.87,751.08,,1.65
2020-04-10,757.94,759.08,764.36,751.59,,-0.31
2020-04-13,765.79,762.99,774.62,762.53,,1.04
2020-04-14,767.41,769.01,769.53,753.85,,0.21
2020-04-15,777.22,768.05,779.52,768.01,,1.28
2020-04-16,780.7,773.11,781.06,770.91,,0.45
2020-04-17,789.6,786.96,790.95,783.74,,1.14
2020-04-20,794.97,796.17,797.49,786.73,,0.68
2020-04-21,766.84,794.97,794.97,761.96,,-3.54
2020-04-22,768.92,752.8,774.94,749.97,,0.27
2020-04-23,773.91,768.92,785.6,768.92,,0.65
2020-04-24,776.66,777.28,778.3,767.31,,0.36
2020-04-27,770.77,780.65,785.74,770.77,,-0.76
2020-04-28,767.21,773.31,776.13,763.66,,-0.46
2020-04-29,769.11,768.59,772.62,768.19,,0.25
2020-05-04,762.47,766.14,769.73,761.64,,-0.86
2020-05-05,764.16,763.22,767.03,760.04,,0.22
2020-05-06,782.59,767.3,782.59,765.37,,2.41
2020-05-07,796.54,785.08,796.54,785.08,,1.78
2020-05-08,813.73,800.32,825.72,800.2,,2.16
2020-05-11,828.33,818.26,828.33,812.48,,1.79
2020-05-12,835.32,827.29,835.95,819.66,,0.84
2020-05-13,834.21,835.32,839.59,815.13,,-0.13
2020-05-14,832.4,830.97,836.19,826.17,,-0.22
2020-05-15,827.03,835.42,838.47,824.59,,-0.65
2020-05-18,837.01,827.49,837.61,823.08,,1.21
2020-05-19,845.92,852.14,854.25,844.15,,1.06
2020-05-20,852.91,843.26,852.91,842.21,,0.83
2020-05-21,862.73,854.93,862.73,854.04,,1.15
2020-05-22,852.74,859.29,860.65,852.08,,-1.16
2020-05-25,859.04,852.9,860.45,849.12,,0.74
2020-05-26,869.13,861.47,869.65,860.22,,1.17
2020-05-27,857.48,869.13,875.35,857.48,,-1.34
2020-05-28,861.39,858.97,866.17,856.48,,0.46
2020-05-29,864.47,861.59,866.95,859.26,,0.36
2020-06-01,878.67,868.97,878.67,868.97,,1.64
2020-06-02,874.8,879.23,882.73,874.53,,-0.44
2020-06-03,881.17,876.73,881.17,874.01,,0.73
2020-06-04,883.9,883.22,888.32,883.22,,0.31
2020-06-05,886.22,883.4,886.59,878.5,,0.26
2020-06-08,899.92,888.7,905.65,888.7,,1.55
2020-06-09,899.43,902.26,904.89,898.87,,-0.05
2020-06-10,900.0,898.78,902.69,890.3,,0.06
2020-06-11,867.37,900.48,903.7,867.37,,-3.63
2020-06-12,863.52,841.85,863.52,841.44,,-0.44
2020-06-15,832.47,867.52,868.16,832.47,,-3.6
2020-06-16,856.13,848.86,858.7,844.67,,2.84
2020-06-17,854.44,861.05,861.05,852.27,,-0.2
2020-06-18,855.27,850.92,858.03,847.49,,0.1
2020-06-19,868.56,857.77,868.56,857.77,,1.55
2020-06-22,871.28,871.56,872.94,867.37,,0.31
2020-06-23,868.2,871.12,873.2,864.02,,-0.35
2020-06-24,859.71,868.2,873.13,857.58,,-0.98
2020-06-25,854.59,851.09,856.23,849.65,,-0.6
2020-06-26,851.98,859.07,862.59,850.66,,-0.31
2020-06-29,829.36,846.26,846.53,826.0,,-2.65
2020-06-30,825.11,836.72,840.31,821.92,,-0.51
2020-07-01,843.49,827.67,844.26,826.38,,2.23
2020-07-02,842.38,845.66,845.66,838.48,,-0.13
2020-07-03,847.61,845.26,848.16,843.25,,0.62
2020-07-06,861.16,851.47,861.85,850.04,,1.6
2020-07-07,863.42,865.46,870.63,863.42,,0.26
2020-07-08,864.5,861.75,865.58,859.98,,0.13
2020-07-09,876.46,867.66,878.36,867.45,,1.38
2020-07-10,871.21,873.7,878.53,867.59,,-0.6
2020-07-13,868.72,874.85,876.83,866.99,,-0.29
2020-07-14,868.11,865.01,868.11,860.28,,-0.07
2020-07-15,869.91,872.8,876.69,869.91,,0.21
2020-07-16,876.83,871.81,876.83,869.25,,0.8
2020-07-17,872.02,873.48,875.07,871.89,,-0.55
2020-07-20,861.4,870.66,871.64,861.4,,-1.22
2020-07-21,861.69,863.94,864.7,856.94,,0.03
2020-07-22,855.08,862.8,864.0,854.97,,-0.77
2020-07-23,856.75,854.92,857.22,851.97,,0.2
2020-07-24,829.16,854.23,854.57,816.65,,-3.22
2020-07-27,785.17,794.14,808.74,780.64,,-5.31
2020-07-28,813.36,786.72,814.4,786.67,,3.59
2020-07-29,790.84,800.39,800.39,779.82,,-2.77
2020-07-30,801.13,796.22,802.97,794.88,,1.3
2020-07-31,798.39,787.78,803.55,786.98,,-0.34
2020-08-03,814.65,796.86,814.84,796.47,,2.04
2020-08-04,827.57,822.86,827.57,820.2,,1.59
2020-08-05,837.8,827.54,839.52,820.74,,1.24
2020-08-06,840.04,838.01,844.16,833.56,,0.27
2020-08-07,841.46,840.65,844.33,836.84,,0.17
2020-08-10,843.2,845.11,849.52,843.2,,0.21
2020-08-11,843.08,847.61,847.61,840.35,,-0.01
2020-08-12,846.92,844.19,848.54,842.88,,0.46
2020-08-13,855.05,849.96,855.19,849.86,,0.96
2020-08-14,850.74,854.29,860.32,848.38,,-0.5
2020-08-17,850.15,848.08,852.05,841.62,,-0.07
2020-08-18,846.43,850.15,851.06,845.0,,-0.44
2020-08-19,851.21,847.19,853.15,846.22,,0.56
2020-08-20,848.21,851.21,856.99,847.44,,-0.35
2020-08-21,854.78,849.99,856.45,849.69,,0.77
2020-08-24,868.68,860.35,868.68,860.35,,1.63
2020-08-25,874.12,870.92,877.57,870.92,,0.63
2020-08-26,873.47,873.62,876.97,871.78,,-0.07
2020-08-27,874.71,872.38,875.71,871.93,,0.14
2020-08-28,878.98,878.79,885.86,877.7,,0.49
2020-08-31,881.65,882.13,888.44,879.26,,0.3
2020-09-01,891.73,882.4,892.51,880.79,,1.14
2020-09-03,903.97,898.25,904.32,896.26,,1.37
2020-09-04,901.54,896.02,903.11,893.86,,-0.27
2020-09-07,888.25,903.85,905.8,888.25,,-1.47
2020-09-08,890.14,891.61,894.58,884.88,,0.21
2020-09-09,889.32,883.68,892.4,881.57,,-0.09
2020-09-10,888.82,895.29,896.78,888.82,,-0.06
2020-09-11,888.97,888.82,890.98,884.67,,0.02
2020-09-14,894.57,891.89,895.31,891.89,,0.63
2020-09-15,896.26,896.61,898.74,894.66,,0.19
2020-09-16,897.47,897.43,897.58,894.63,,0.14
2020-09-17,894.04,897.47,899.41,890.93,,-0.38
2020-09-18,900.95,896.08,902.11,895.82,,0.77
2020-09-21,907.94,904.5,909.78,904.5,,0.78
2020-09-22,906.19,905.9,909.69,902.47,,-0.19
2020-09-23,912.5,908.97,913.52,908.97,,0.7
2020-09-24,908.58,910.53,914.51,907.32,,-0.43
2020-09-25,908.27,910.78,911.3,905.56,,-0.03
2020-09-28,912.5,911.2,913.6,910.04,,0.47
2020-09-29,903.98,916.63,917.49,903.98,,-0.93
2020-09-30,905.21,904.34,907.0,900.44,,0.14
2020-10-01,914.09,910.13,914.09,909.13,,0.98
2020-10-02,909.91,914.09,916.67,897.72,,-0.46
2020-10-05,914.68,913.77,915.55,910.96,,0.52
2020-10-06,915.67,918.11,918.93,912.77,,0.11
2020-10-07,919.72,913.62,923.57,912.69,,0.44
2020-10-08,918.84,922.08,922.08,913.89,,-0.1
2020-10-09,924.0,919.48,924.0,917.7,,0.56
2020-10-12,925.83,930.78,933.13,923.28,,0.2
2020-10-13,929.86,926.76,930.96,923.78,,0.44
2020-10-14,940.18,931.89,940.18,931.89,,1.11
2020-10-15,942.76,945.28,945.93,938.7,,0.27
2020-10-16,943.3,944.03,946.23,935.98,,0.06
2020-10-19,943.69,945.01,946.29,941.92,,0.04
2020-10-20,944.42,941.0,944.54,937.32,,0.08
2020-10-21,939.03,947.16,948.2,939.0,,-0.57
2020-10-22,949.9,938.06,949.9,933.78,,1.16
2020-10-23,961.26,953.45,961.26,953.14,,1.2
2020-10-26,950.8,967.52,970.15,950.8,,-1.09
2020-10-27,946.47,950.8,954.72,946.28,,-0.46
2020-10-28,921.05,942.82,946.91,921.05,,-2.69
2020-10-29,919.08,916.49,925.84,914.33,,-0.21
2020-10-30,925.47,925.41,926.32,911.2,,0.7
2020-11-02,933.68,926.09,933.68,924.14,,0.89
2020-11-03,935.41,936.73,937.57,932.18,,0.19
2020-11-04,939.76,935.41,943.56,933.86,,0.47
2020-11-05,937.75,940.32,945.51,937.75,,-0.21
2020-11-06,938.29,939.73,941.2,934.63,,0.06
2020-11-09,951.99,942.15,951.99,942.15,,1.46
2020-11-10,951.9,962.68,963.47,951.9,,-0.01
2020-11-11,952.22,954.46,956.65,947.61,,0.03
2020-11-12,959.28,953.97,959.28,953.62,,0.74
2020-11-13,966.29,959.56,966.29,959.13,,0.73
2020-11-16,950.79,970.11,972.98,950.5,,-1.6
2020-11-17,968.9,955.52,968.9,953.22,,1.9
2020-11-18,973.53,969.48,974.3,966.32,,0.48
2020-11-19,983.26,975.32,983.26,974.33,,1.0
2020-11-20,990.0,984.71,990.0,980.72,,0.69
2020-11-23,994.19,991.87,995.9,985.38,,0.42
2020-11-24,995.76,996.55,997.99,984.92,,0.16
2020-11-25,999.94,1000.39,1002.31,996.8,,0.42
2020-11-26,1005.97,999.24,1005.97,994.91,,0.6
2020-11-27,1010.22,1006.68,1010.22,1004.0,,0.42
2020-11-30,1003.08,1011.82,1012.5,1002.61,,-0.71
2020-12-01,1008.87,988.71,1008.87,988.71,,0.58
2020-12-02,1014.32,1008.77,1015.86,1007.91,,0.54
2020-12-03,1019.8,1016.73,1020.35,1014.06,,0.54
2020-12-04,1021.49,1019.8,1025.17,1018.67,,0.17
2020-12-07,1029.98,1024.34,1030.41,1022.14,,0.83
2020-12-08,1029.26,1029.98,1032.58,1025.63,,-0.07
2020-12-09,1039.13,1029.26,1039.55,1029.26,,0.96
2020-12-10,1030.91,1041.65,1044.1,1030.91,,-0.79
2020-12-11,1045.96,1033.19,1045.96,1030.06,,1.46
2020-12-14,1064.09,1048.97,1064.09,1048.97,,1.73
2020-12-15,1055.27,1062.02,1067.45,1052.01,,-0.83
2020-12-16,1066.99,1058.34,1066.99,1057.21,,1.11
2020-12-17,1051.77,1065.85,1065.85,1051.42,,-1.43
2020-12-18,1067.46,1055.75,1068.56,1055.75,,1.49
2020-12-21,1081.08,1071.62,1081.6,1070.86,,1.28
2020-12-22,1083.45,1081.85,1084.23,1077.06,,0.22
2020-12-23,1078.9,1087.89,1094.09,1077.92,,-0.42
2020-12-24,1067.52,1083.83,1084.76,1046.89,,-1.05
2020-12-25,1084.42,1068.83,1084.42,1061.83,,1.58
2020-12-28,1091.33,1094.37,1096.11,1083.9,,0.64
2020-12-29,1099.49,1090.49,1102.79,1087.93,,0.75
2020-12-30,1097.54,1099.78,1108.83,1094.91,,-0.18
2020-12-31,1103.87,1098.25,1105.33,1096.27,,0.58
2021-01-04,1120.47,1113.77,1126.43,1113.59,,1.5
2021-01-05,1132.55,1116.96,1134.45,1116.49,,1.08
2021-01-06,1143.21,1139.12,1152.85,1133.7,,0.94
2021-01-07,1156.49,1147.26,1156.49,1143.44,,1.16
2021-01-08,1167.69,1164.1,1176.33,1160.48,,0.97
2021-01-11,1184.89,1176.47,1186.45,1175.0,,1.47
2021-01-12,1192.28,1190.38,1192.28,1179.24,,0.62
2021-01-13,1186.05,1197.32,1200.82,1183.18,,-0.52
2021-01-14,1187.4,1189.48,1190.5,1178.84,,0.11
2021-01-15,1194.2,1188.84,1197.74,1188.84,,0.57
2021-01-18,1191.94,1198.79,1200.85,1190.33,,-0.19
2021-01-19,1131.0,1189.91,1189.91,1117.17,,-5.11
2021-01-20,1134.68,1136.5,1142.48,1098.05,,0.33
2021-01-21,1164.21,1146.86,1164.21,1132.66,,2.6
2021-01-22,1166.78,1166.77,1175.72,1161.43,,0.22
2021-01-25,1166.05,1164.2,1172.18,1162.8,,-0.06
2021-01-26,1136.12,1164.97,1164.97,1121.03,,-2.57
2021-01-27,1097.17,1122.41,1132.99,1088.86,,-3.43
2021-01-28,1023.94,1041.71,1052.16,1022.77,,-6.67
2021-01-29,1056.61,998.33,1076.11,998.33,,3.19
2021-02-01,1035.51,1056.61,1074.52,1035.51,,-2.0
2021-02-02,1075.53,1036.95,1075.53,1029.36,,3.86
2021-02-03,1111.29,1084.87,1113.24,1082.95,,3.32
2021-02-04,1112.19,1112.97,1117.88,1098.85,,0.08
2021-02-05,1126.91,1114.79,1126.91,1112.19,,1.32
2021-02-08,1083.18,1127.06,1127.06,1075.1,,-3.88
2021-02-09,1114.93,1090.88,1114.93,1078.98,,2.93
2021-02-17,1155.78,1127.46,1155.78,1127.46,,3.66
2021-02-18,1174.38,1157.1,1174.38,1148.66,,1.61
2021-02-19,1173.5,1160.65,1178.18,1157.6,,-0.07
2021-02-22,1175.04,1173.57,1182.67,1169.12,,0.13
2021-02-23,1177.64,1174.57,1184.32,1168.32,,0.22
2021-02-24,1162.01,1184.32,1185.58,1154.36,,-1.33
2021-02-25,1165.43,1169.97,1169.97,1155.74,,0.29
2021-02-26,1168.47,1148.88,1169.28,1148.88,,0.26
2021-03-01,1186.17,1176.93,1186.82,1174.45,,1.51
2021-03-02,1186.61,1196.16,1196.16,1181.99,,0.04
2021-03-03,1186.95,1184.73,1189.18,1180.25,,0.03
2021-03-04,1168.52,1191.78,1191.9,1159.48,,-1.55
2021-03-05,1168.69,1164.19,1169.56,1155.6,,0.01
2021-03-08,1168.27,1180.33,1181.25,1164.02,,-0.04
2021-03-09,1161.97,1160.96,1166.42,1150.94,,-0.54
2021-03-10,1170.08,1163.86,1170.59,1154.89,,0.7
2021-03-11,1181.73,1170.08,1183.73,1170.08,,1.0
2021-03-12,1181.56,1185.21,1186.52,1178.14,,-0.01
2021-03-15,1184.56,1183.89,1186.06,1178.8,,0.25
2021-03-16,1179.9,1184.91,1184.91,1171.76,,-0.39
2021-03-17,1186.09,1178.64,1186.09,1176.26,,0.52
2021-03-18,1200.94,1196.6,1200.94,1191.94,,1.25
2021-03-19,1194.05,1195.47,1199.67,1191.96,,-0.57
2021-03-22,1194.43,1200.05,1200.21,1189.31,,0.03
2021-03-23,1183.45,1190.28,1191.47,1177.1,,-0.92
2021-03-24,1161.81,1169.42,1174.2,1154.22,,-1.83
2021-03-25,1163.1,1164.41,1170.76,1154.44,,0.11
2021-03-26,1162.21,1162.71,1165.76,1137.9,,-0.08
2021-03-29,1175.68,1169.65,1175.77,1165.78,,1.16
2021-03-30,1186.36,1179.64,1187.29,1172.85,,0.91
2021-03-31,1191.44,1186.36,1196.45,1186.36,,0.43
2021-04-01,1216.1,1194.59,1217.26,1192.83,,2.07
2021-04-02,1224.45,1225.76,1228.29,1221.07,,0.69
2021-04-05,1236.05,1245.28,1245.28,1228.18,,0.95
2021-04-06,1239.96,1233.37,1244.63,1231.14,,0.32
2021-04-07,1242.38,1237.39,1242.38,1232.52,,0.2
2021-04-08,1234.89,1242.38,1246.4,1232.26,,-0.6
2021-04-09,1231.66,1231.51,1234.98,1227.6,,-0.26
2021-04-12,1252.45,1236.79,1252.45,1232.35,,1.69
2021-04-13,1248.33,1262.44,1268.02,1247.66,1030000.0,-0.33
2021-04-14,1255.87,1240.9,1255.87,1233.01,,0.6
2021-04-15,1247.25,1262.25,1265.87,1247.25,,-0.69
2021-04-16,1238.71,1245.06,1254.61,1227.14,,-0.68
2021-04-19,1260.58,1243.58,1260.58,1233.77,,1.77
2021-04-20,1268.28,1267.74,1286.32,1261.28,,0.61
2021-04-22,1227.82,1264.31,1271.98,1227.82,,-3.19
2021-04-23,1248.53,1227.18,1248.53,1216.15,,1.69
2021-04-26,1215.77,1251.25,1251.25,1214.14,,-2.62
2021-04-27,1219.75,1213.84,1220.96,1204.14,,0.33
2021-04-28,1229.55,1220.26,1230.91,1217.49,,0.8
2021-04-29,1239.39,1234.91,1239.39,1231.25,,0.8
2021-05-04,1242.2,1222.08,1242.8,1212.56,,0.23
2021-05-05,1256.43,1244.69,1265.93,1244.69,,1.15
2021-05-06,1250.57,1255.42,1261.49,1246.64,,-0.47
2021-05-07,1241.81,1245.48,1250.5,1231.92,,-0.7
2021-05-10,1259.58,1239.96,1259.58,1236.85,,1.43
2021-05-11,1256.04,1265.11,1272.55,1256.04,,-0.28
2021-05-12,1269.09,1251.97,1269.09,1249.18,,1.04
2021-05-13,1261.99,1262.98,1273.49,1261.99,,-0.56
2021-05-14,1266.36,1266.43,1271.45,1259.97,,0.35
2021-05-17,1258.7,1272.55,1277.83,1258.5,,-0.6
2021-05-18,1252.68,1259.57,1262.22,1249.02,,-0.48
2021-05-19,1262.49,1254.78,1262.71,1250.58,,0.78
2021-05-20,1278.22,1264.62,1278.22,1255.78,,1.25
2021-05-21,1283.93,1272.84,1289.03,1268.46,,0.45
2021-05-24,1297.98,1287.5,1299.83,1287.36,,1.09
2021-05-25,1308.58,1299.19,1308.58,1297.23,,0.82
2021-05-26,1316.7,1308.04,1317.3,1304.68,,0.62
2021-05-27,1303.57,1318.42,1319.67,1299.99,,-1.0
2021-05-28,1320.46,1307.79,1323.09,1300.06,,1.3
2021-05-31,1328.05,1326.65,1328.05,1307.56,,0.57
2021-06-01,1337.78,1329.47,1346.34,1328.84,,0.73
2021-06-02,1340.78,1337.78,1344.98,1330.82,,0.22
2021-06-03,1364.28,1345.21,1366.0,1345.21,,1.75
2021-06-04,1374.05,1367.06,1374.05,1360.42,,0.72
2021-06-07,1358.78,1374.59,1375.74,1347.21,,-1.11
2021-06-08,1319.88,1355.36,1364.48,1318.11,,-2.86
2021-06-09,1332.9,1323.52,1339.14,1312.08,,0.99
2021-06-10,1323.58,1332.9,1336.71,1317.49,,-0.7
2021-06-11,1351.74,1326.79,1352.47,1322.08,,2.13
2021-06-14,1361.72,1352.73,1368.53,1352.73,,0.74
2021-06-15,1367.36,1361.58,1372.72,1356.59,,0.41
2021-06-16,1356.52,1363.85,1370.14,1350.73,,-0.79
2021-06-17,1359.92,1341.06,1364.55,1337.49,,0.25
2021-06-18,1377.77,1366.19,1377.77,1363.52,,1.31
2021-06-21,1372.63,1373.59,1381.74,1367.85,,-0.37
2021-06-22,1379.97,1380.84,1385.98,1375.0,,0.53
2021-06-23,1376.87,1383.15,1388.33,1372.06,,-0.22
2021-06-24,1379.72,1376.87,1384.71,1372.99,,0.21
2021-06-25,1390.12,1382.11,1390.12,1372.8,,0.75
2021-06-28,1405.81,1397.96,1406.02,1390.56,,1.13
2021-06-29,1410.04,1408.34,1416.34,1406.87,,0.3
2021-06-30,1408.55,1410.83,1419.61,1408.18,,-0.11
2021-07-01,1417.08,1412.15,1417.27,1402.18,,0.61
2021-07-02,1420.27,1422.89,1424.28,1415.82,,0.23
2021-07-05,1411.13,1420.27,1421.52,1394.12,,-0.64
2021-07-06,1354.79,1411.13,1418.99,1354.79,,-3.99
2021-07-07,1388.55,1354.79,1388.55,1334.58,,2.49
2021-07-08,1374.68,1388.55,1388.55,1363.92,,-1.0
2021-07-09,1347.14,1374.68,1374.68,1335.9,,-2.0
2021-07-12,1296.3,1347.14,1347.14,1270.06,,-3.77
2021-07-13,1297.54,1296.3,1307.73,1278.3,,0.1
2021-07-14,1279.91,1297.54,1305.37,1264.68,,-1.36
2021-07-15,1293.92,1279.91,1299.18,1270.77,,1.09
2021-07-16,1299.31,1293.92,1304.37,1293.92,,0.42
2021-07-19,1243.51,1299.31,1299.31,1237.79,,-4.29
2021-07-20,1273.29,1243.51,1273.29,1225.52,,2.39
2021-07-21,1270.79,1273.29,1284.33,1266.71,,-0.2
2021-07-22,1293.67,1270.79,1294.16,1266.54,,1.8
2021-07-23,1268.83,1293.67,1295.63,1268.83,,-1.92
2021-07-26,1272.71,1268.83,1277.33,1254.57,,0.31
2021-07-27,1276.93,1272.71,1288.35,1272.71,,0.33
2021-07-28,1277.07,1276.93,1281.17,1271.78,,0.01
2021-07-29,1293.6,1277.07,1293.6,1277.07,,1.29
2021-07-30,1310.05,1293.6,1311.97,1293.6,,1.27
2021-08-02,1314.22,1310.05,1322.35,1304.49,,0.32
2021-08-03,1332.44,1314.22,1332.44,1314.22,,1.39
2021-08-04,1334.74,1332.44,1340.76,1328.4,,0.17
2021-08-05,1345.55,1334.74,1346.62,1326.8,,0.81
2021-08-06,1341.45,1345.55,1351.85,1341.45,,-0.3
2021-08-09,1359.86,1341.45,1361.12,1334.69,,1.37
2021-08-10,1362.43,1359.86,1370.35,1358.12,,0.19
2021-08-11,1357.79,1362.43,1374.03,1357.79,,-0.34
2021-08-12,1353.05,1357.79,1365.01,1353.05,,-0.35
2021-08-13,1357.05,1353.05,1357.41,1336.74,,0.3
2021-08-16,1370.96,1357.05,1372.33,1357.05,,1.03
2021-08-17,1363.09,1370.96,1379.7,1359.11,,-0.57
2021-08-18,1360.94,1363.09,1370.5,1355.83,,-0.16
2021-08-19,1374.85,1360.94,1374.85,1352.94,,1.02
2021-08-20,1329.43,1374.85,1374.85,1317.52,1210000.0,-3.3
2021-08-23,1298.86,1329.43,1329.43,1298.86,,-2.3
2021-08-24,1298.74,1298.86,1307.56,1289.16,,-0.01
2021-08-25,1309.55,1298.74,1310.16,1291.7,,0.83
2021-08-26,1301.12,1309.55,1316.26,1295.77,,-0.64
2021-08-27,1313.2,1301.12,1313.2,1285.16,,0.93
2021-08-30,1328.14,1313.2,1329.62,1313.2,,1.14
2021-08-31,1331.47,1328.14,1336.14,1325.69,,0.25
2021-09-01,1334.65,1331.47,1338.02,1328.13,,0.24
2021-09-06,1346.39,1334.65,1348.36,1334.65,,0.88
2021-09-07,1341.9,1346.39,1353.66,1340.32,,-0.33
2021-09-08,1333.61,1341.9,1344.49,1328.35,,-0.62
2021-09-09,1343.98,1333.61,1345.59,1332.67,,0.78
2021-09-10,1345.31,1343.98,1350.43,1343.98,,0.1
2021-09-13,1341.43,1345.31,1350.69,1340.5,,-0.29
2021-09-14,1339.7,1341.43,1349.13,1336.84,,-0.13
2021-09-15,1345.83,1339.7,1347.7,1334.97,,0.46
2021-09-16,1345.87,1345.83,1353.12,1341.23,,0.0
2021-09-17,1352.64,1345.87,1356.45,1345.87,,0.5
2021-09-20,1350.48,1352.64,1365.92,1349.18,,-0.16
2021-09-21,1339.84,1350.48,1350.48,1324.82,,-0.79
2021-09-22,1350.68,1339.84,1350.71,1336.63,,0.81
2021-09-23,1352.76,1350.68,1361.09,1350.43,,0.15
2021-09-24,1351.17,1352.76,1356.97,1348.07,,-0.12
2021-09-27,1324.99,1351.17,1354.38,1324.99,,-1.94
2021-09-28,1339.31,1324.99,1341.81,1316.41,,1.08
2021-09-29,1339.21,1339.31,1340.9,1328.17,,-0.01
2021-09-30,1342.06,1339.21,1348.89,1339.21,,0.21
2021-10-01,1334.89,1342.06,1344.06,1332.97,,-0.53
2021-10-04,1339.54,1334.89,1347.49,1333.53,,0.35
2021-10-05,1354.63,1339.54,1354.63,1339.54,,1.13
2021-10-06,1362.82,1354.63,1362.82,1354.63,,0.6
2021-10-07,1365.99,1362.82,1367.64,1360.57,,0.23
2021-10-08,1372.73,1365.99,1373.18,1365.93,,0.49
2021-10-11,1394.09,1372.73,1394.64,1372.73,,1.56
2021-10-12,1394.8,1394.09,1400.78,1389.43,,0.05
2021-10-13,1391.91,1394.8,1400.67,1389.61,,-0.21
2021-10-14,1391.85,1391.91,1398.67,1388.89,,0.0
2021-10-15,1392.7,1391.85,1399.03,1388.0,,0.06
2021-10-18,1395.53,1392.7,1402.63,1390.88,,0.2
2021-10-19,1395.33,1395.53,1399.66,1388.95,,-0.01
2021-10-20,1393.8,1395.33,1401.76,1376.15,,-0.11
2021-10-21,1384.77,1393.8,1398.45,1384.77,,-0.65
2021-10-22,1389.24,1384.77,1393.7,1384.77,,0.32
2021-10-25,1385.4,1389.24,1395.72,1385.4,,-0.28
2021-10-26,1391.63,1385.4,1393.03,1377.56,,0.45
2021-10-27,1423.02,1391.63,1423.02,1391.63,,2.26
2021-10-28,1438.01,1423.02,1440.64,1420.42,,1.05
2021-10-29,1444.27,1438.01,1447.62,1432.19,,0.44
2021-11-01,1438.97,1444.27,1451.81,1435.57,1130000.0,-0.37
2021-11-02,1452.46,1438.97,1452.46,1438.83,1010000.0,0.94
2021-11-03,1444.3,1452.46,1463.63,1440.67,1510000.0,-0.56
2021-11-04,1448.34,1444.3,1451.98,1435.84,,0.28
2021-11-05,1456.51,1448.34,1459.93,1444.51,,0.56
2021-11-08,1467.57,1456.51,1470.49,1456.51,1080000.0,0.76
2021-11-09,1461.5,1467.57,1474.2,1457.57,1030000.0,-0.41
2021-11-10,1465.02,1461.5,1470.19,1457.98,,0.24
2021-11-11,1462.35,1465.02,1472.89,1449.18,1270000.0,-0.18
2021-11-12,1473.37,1462.35,1474.98,1453.22,,0.75
2021-11-15,1476.57,1473.37,1481.96,1466.01,1170000.0,0.22
2021-11-16,1466.45,1476.57,1476.97,1459.08,1220000.0,-0.69
2021-11-17,1475.85,1466.45,1477.04,1464.78,,0.64
2021-11-18,1469.83,1475.85,1482.87,1469.83,1090000.0,-0.41
2021-11-19,1452.35,1469.83,1481.53,1434.69,1520000.0,-1.19
2021-11-22,1447.25,1452.35,1466.46,1442.85,1270000.0,-0.35
2021-11-23,1463.63,1447.25,1463.63,1438.41,,1.13
2021-11-24,1488.87,1463.63,1491.05,1463.63,1120000.0,1.72
2021-11-25,1500.81,1488.87,1505.36,1488.87,1010000.0,0.8
2021-11-26,1493.03,1500.81,1511.68,1488.83,1060000.0,-0.52
2021-11-29,1484.84,1493.03,1493.03,1464.83,1010000.0,-0.55
2021-11-30,1478.44,1484.84,1503.09,1471.57,1080000.0,-0.43
2021-12-01,1485.19,1478.44,1487.68,1471.3,,0.46
2021-12-02,1482.05,1485.19,1493.84,1482.05,,-0.21
2021-12-03,1443.32,1482.05,1491.2,1443.32,1100000.0,-2.61
2021-12-06,1413.58,1443.32,1452.55,1400.87,1040000.0,-2.06
2021-12-07,1446.77,1413.58,1446.77,1413.58,,2.35
2021-12-08,1452.87,1446.77,1460.28,1446.77,,0.42
2021-12-09,1467.98,1452.87,1467.98,1446.88,,1.04
2021-12-10,1463.54,1467.98,1475.85,1461.78,,-0.3
2021-12-13,1476.21,1463.54,1481.7,1463.54,,0.87
2021-12-14,1476.02,1476.21,1485.14,1469.21,,-0.01
2021-12-15,1475.5,1476.02,1481.67,1468.21,,-0.04
2021-12-16,1476.61,1475.5,1482.32,1468.95,,0.08
2021-12-17,1479.79,1476.61,1487.73,1476.61,1110000.0,0.22
2021-12-20,1477.33,1479.79,1483.85,1468.88,,-0.17
2021-12-21,1478.74,1477.33,1486.09,1472.43,,0.1
2021-12-22,1477.67,1478.74,1489.24,1471.84,1070000.0,-0.07
2021-12-23,1456.96,1477.67,1481.21,1447.14,1360000.0,-1.4
2021-12-24,1477.03,1456.96,1478.8,1456.32,,1.38
2021-12-27,1488.88,1477.03,1490.12,1469.91,,0.8
2021-12-28,1494.39,1488.88,1499.77,1483.97,1000000.0,0.37
2021-12-29,1485.82,1494.39,1498.91,1485.82,,-0.57
2021-12-30,1485.97,1490.96,1493.38,1484.82,,0.01
2021-12-31,1498.28,1485.97,1499.07,1485.97,,0.83
2022-01-04,1525.58,1508.55,1526.69,1507.19,,1.82
2022-01-05,1522.5,1525.58,1535.82,1522.5,1060000.0,-0.2
2022-01-06,1528.57,1522.5,1536.24,1518.18,1130000.0,0.4
2022-01-07,1528.48,1534.1,1534.52,1524.96,1030000.0,-0.01
2022-01-10,1503.71,1528.48,1536.45,1503.71,1380000.0,-1.62
2022-01-11,1492.31,1503.71,1512.05,1488.4,1250000.0,-0.76
2022-01-12,1510.51,1489.11,1510.51,1464.49,1130000.0,1.22
2022-01-13,1496.05,1510.51,1522.6,1495.13,,-0.96
2022-01-14,1496.02,1496.05,1503.25,1476.68,,0.0
2022-01-17,1452.84,1496.02,1503.86,1452.84,,-2.89
2022-01-18,1438.94,1452.84,1452.84,1424.65,,-0.96
2022-01-19,1442.79,1438.94,1449.11,1434.46,,0.27
2022-01-20,1465.3,1442.79,1469.08,1432.58,,1.56
2022-01-21,1472.89,1465.3,1477.23,1463.06,,0.52
2022-01-24,1439.71,1472.89,1472.89,1432.18,,-2.25
2022-01-25,1479.58,1439.71,1479.58,1424.36,,2.77
2022-01-26,1481.58,1479.58,1490.45,1478.41,,0.14
2022-01-27,1470.76,1481.58,1486.39,1464.06,,-0.73
2022-01-28,1478.96,1470.76,1484.48,1465.22,,0.56
2022-02-07,1497.66,1478.96,1505.69,1478.96,,1.26
2022-02-08,1500.99,1497.66,1503.33,1491.78,,0.22
2022-02-09,1505.38,1500.99,1511.72,1499.53,,0.29
2022-02-10,1506.79,1510.66,1512.88,1495.7,,0.09
2022-02-11,1501.71,1506.79,1508.54,1499.06,,-0.34
2022-02-14,1471.96,1501.71,1501.71,1471.96,,-1.98
2022-02-15,1492.75,1471.96,1495.56,1470.06,,1.41
2022-02-16,1492.1,1492.75,1499.5,1486.68,,-0.04
2022-02-17,1507.99,1492.1,1507.99,1492.1,,1.06
2022-02-18,1504.84,1507.99,1507.99,1492.38,,-0.21
2022-02-21,1510.84,1504.84,1516.63,1500.97,,0.4
2022-02-22,1503.47,1510.84,1510.84,1484.81,,-0.49
2022-02-23,1512.3,1503.47,1520.78,1503.47,,0.59
2022-02-24,1494.85,1512.3,1513.25,1473.76,1160000.0,-1.15
2022-02-25,1498.89,1494.85,1512.05,1494.85,,0.27
2022-02-28,1490.13,1498.89,1502.36,1487.57,,-0.58
2022-03-01,1498.78,1490.13,1501.73,1490.13,,0.58
2022-03-02,1485.52,1499.37,1500.41,1479.55,,-0.88
2022-03-03,1505.0,1485.52,1505.0,1485.52,,1.31
2022-03-04,1505.33,1505.0,1509.19,1501.39,,0.02
2022-03-07,1499.05,1505.33,1505.33,1493.87,,-0.42
2022-03-08,1473.71,1499.05,1499.05,1473.71,1040000.0,-1.69
2022-03-09,1473.74,1473.71,1482.86,1462.8,,0.0
2022-03-10,1479.08,1473.74,1488.59,1473.74,,0.36
2022-03-11,1466.54,1479.08,1480.29,1458.88,,-0.85
2022-03-14,1446.25,1466.54,1466.54,1439.19,,-1.38
2022-03-15,1452.74,1446.25,1453.07,1437.27,,0.45
2022-03-16,1459.33,1452.74,1462.98,1452.74,,0.45
2022-03-17,1461.34,1459.33,1467.74,1459.14,,0.14
2022-03-18,1469.1,1461.34,1474.86,1461.34,,0.53
2022-03-21,1494.95,1474.78,1494.95,1474.38,,1.76
2022-03-22,1503.78,1494.95,1507.71,1494.95,,0.59
2022-03-23,1502.34,1503.78,1513.9,1501.67,,-0.1
2022-03-24,1498.26,1502.34,1505.39,1495.18,,-0.27
2022-03-25,1498.5,1500.17,1503.29,1494.55,,0.02
2022-03-28,1483.18,1498.5,1498.5,1473.8,1070000.0,-1.02
2022-03-29,1497.76,1483.18,1498.45,1483.18,,0.98
2022-03-30,1490.51,1497.76,1503.89,1483.9,,-0.48
2022-03-31,1492.15,1490.51,1498.41,1488.27,,0.11
2022-04-01,1516.44,1492.15,1516.87,1484.13,,1.63
2022-04-04,1524.7,1516.44,1530.95,1516.44,,0.54
2022-04-05,1520.03,1524.7,1527.57,1519.28,,-0.31
2022-04-06,1522.9,1520.03,1523.75,1507.62,,0.19
2022-04-07,1502.35,1522.9,1524.92,1502.35,,-1.35
2022-04-08,1482.0,1502.35,1507.73,1482.0,,-1.35
2022-04-12,1455.25,1482.0,1490.58,1455.25,,-1.8
2022-04-13,1477.2,1455.25,1477.2,1448.52,,1.51
2022-04-14,1472.12,1477.2,1484.34,1471.75,,-0.34
2022-04-15,1458.56,1472.12,1478.95,1456.39,,-0.92
2022-04-18,1432.6,1458.56,1458.56,1425.07,,-1.78
2022-04-19,1406.45,1432.6,1442.04,1406.45,,-1.83
2022-04-20,1384.72,1401.63,1410.64,1384.72,,-1.55
2022-04-21,1370.21,1384.72,1392.33,1356.58,,-1.05
2022-04-22,1379.23,1370.21,1392.89,1352.43,,0.66
2022-04-25,1310.92,1379.23,1382.13,1298.38,,-4.95
2022-04-26,1341.34,1310.92,1341.34,1261.4,,2.32
2022-04-27,1353.77,1341.34,1355.92,1314.81,,0.93
2022-04-28,1350.99,1353.77,1358.07,1344.1,,-0.21
2022-04-29,1366.8,1350.99,1369.31,1343.24,,1.17
2022-05-04,1348.68,1366.11,1366.39,1348.68,,-1.33
2022-05-05,1360.68,1348.68,1362.18,1331.41,,0.89
2022-05-06,1329.26,1360.68,1360.68,1328.13,,-2.31
2022-05-09,1269.62,1329.26,1329.26,1265.54,,-4.49
2022-05-10,1293.56,1269.62,1293.56,1232.57,,1.89
2022-05-11,1301.53,1293.56,1305.17,1277.91,,0.62
2022-05-12,1238.84,1301.53,1301.53,1238.05,,-4.82
2022-05-13,1182.77,1238.84,1238.84,1180.6,,-4.53
2022-05-16,1171.95,1182.77,1215.96,1170.59,,-0.91
2022-05-17,1228.37,1171.95,1228.37,1156.54,,4.81
2022-05-18,1240.76,1228.37,1249.84,1222.92,,1.01
2022-05-19,1241.64,1240.76,1246.66,1210.43,,0.07
2022-05-20,1240.71,1241.64,1252.96,1232.33,,-0.07
2022-05-23,1218.81,1240.71,1246.58,1207.99,,-1.77
2022-05-24,1233.38,1218.81,1233.38,1203.28,,1.2
2022-05-25,1268.43,1233.38,1268.43,1233.38,,2.84
2022-05-26,1268.57,1268.43,1278.11,1261.55,,0.01
2022-05-27,1285.45,1268.57,1286.99,1268.57,,1.33
2022-05-30,1293.92,1285.45,1296.22,1281.27,,0.66
2022-05-31,1292.68,1293.92,1297.64,1280.44,,-0.1
2022-06-01,1299.52,1292.68,1302.25,1286.01,,0.53
2022-06-02,1288.62,1299.52,1302.66,1283.32,,-0.84
2022-06-03,1287.98,1288.62,1292.78,1276.37,,-0.05
2022-06-06,1290.01,1287.98,1302.14,1281.95,,0.16
2022-06-07,1291.35,1290.01,1291.35,1260.92,,0.1
2022-06-08,1307.91,1291.35,1316.78,1291.35,,1.28
2022-06-09,1307.8,1307.91,1312.44,1300.85,,-0.01
2022-06-10,1284.08,1307.8,1309.59,1284.08,,-1.81
2022-06-13,1227.04,1284.08,1284.08,1226.01,,-4.44
2022-06-14,1230.31,1227.04,1239.36,1211.13,,0.27
2022-06-15,1213.93,1230.31,1235.56,1195.19,,-1.33
2022-06-16,1236.63,1213.93,1246.32,1213.93,,1.87
2022-06-17,1217.3,1236.63,1236.63,1191.92,,-1.56
2022-06-20,1180.4,1218.37,1221.6,1180.4,,-3.03
2022-06-21,1172.47,1180.4,1189.97,1162.94,,-0.67
2022-06-22,1169.27,1172.47,1185.86,1162.98,,-0.27
2022-06-23,1188.88,1169.27,1188.88,1162.06,,1.68
2022-06-24,1185.48,1188.88,1196.85,1185.48,,-0.29
2022-06-27,1202.82,1185.48,1203.51,1185.48,,1.46
2022-06-28,1218.1,1202.82,1221.74,1198.99,,1.27
2022-06-29,1218.09,1218.1,1219.58,1207.38,,0.0
2022-06-30,1197.6,1218.09,1220.51,1197.6,,-1.68
2022-07-01,1198.9,1197.6,1202.41,1170.95,,0.11
2022-07-04,1195.53,1206.47,1208.96,1192.63,,-0.28
2022-07-05,1181.29,1195.53,1200.99,1181.29,,-1.19
2022-07-06,1149.61,1181.29,1181.29,1147.63,,-2.68
2022-07-07,1166.48,1149.61,1166.48,1142.8,,1.47
2022-07-08,1171.31,1166.48,1177.18,1164.23,,0.41
2022-07-11,1155.29,1171.31,1171.31,1144.55,,-1.37
2022-07-12,1174.82,1155.29,1174.82,1153.55,,1.69
2022-07-13,1173.92,1173.46,1182.21,1170.92,,-0.08
2022-07-14,1182.17,1173.92,1182.17,1170.04,,0.7
2022-07-15,1179.25,1182.17,1189.66,1178.12,,-0.25
2022-07-18,1176.49,1179.25,1184.93,1174.7,,-0.23
2022-07-19,1178.33,1176.49,1180.46,1168.99,,0.16
2022-07-20,1194.14,1178.33,1198.63,1178.33,,1.34
2022-07-21,1198.47,1194.14,1201.91,1194.14,,0.36
2022-07-22,1194.76,1198.47,1202.69,1194.76,,-0.31
2022-07-25,1188.5,1191.43,1198.16,1184.32,,-0.52
2022-07-26,1185.07,1188.5,1194.15,1184.44,,-0.29
2022-07-27,1191.04,1185.07,1191.04,1178.58,,0.5
2022-07-28,1208.12,1191.04,1214.03,1191.04,,1.43
2022-07-29,1206.33,1208.12,1217.84,1206.33,,-0.15
2022-08-01,1231.35,1206.33,1231.35,1206.33,,2.07
2022-08-02,1241.62,1231.35,1241.91,1224.11,,0.83
2022-08-03,1249.76,1241.62,1250.2,1232.41,,0.66
2022-08-04,1254.15,1249.76,1257.38,1247.38,,0.35
2022-08-05,1252.74,1250.25,1253.75,1245.05,,-0.11
2022-08-08,1256.75,1252.36,1258.84,1252.04,,0.32
2022-08-09,1258.85,1256.75,1263.14,1252.84,,0.17
2022-08-10,1256.5,1258.85,1260.36,1253.89,,-0.19
2022-08-11,1252.07,1256.5,1268.03,1245.85,,-0.35
2022-08-12,1262.33,1252.07,1262.33,1248.65,,0.82
2022-08-15,1274.2,1262.33,1274.24,1262.33,,0.94
2022-08-16,1274.69,1274.2,1275.93,1271.11,,0.04
2022-08-17,1275.28,1274.69,1280.61,1271.97,,0.05
2022-08-18,1273.66,1275.28,1283.15,1268.64,,-0.13
2022-08-19,1269.18,1273.66,1280.0,1263.45,,-0.35
2022-08-22,1260.43,1269.18,1270.57,1255.83,,-0.69
2022-08-23,1270.81,1260.43,1270.81,1253.45,,0.82
2022-08-24,1277.16,1270.81,1280.36,1270.81,,0.5
2022-08-25,1288.88,1277.16,1289.18,1277.16,,0.92
2022-08-26,1282.57,1291.29,1295.12,1280.05,,-0.49
2022-08-29,1270.8,1282.57,1282.57,1249.17,,-0.92
2022-08-30,1279.39,1270.8,1287.65,1270.8,,0.68
2022-08-31,1280.51,1279.39,1285.29,1274.99,,0.09
2022-09-05,1277.35,1280.51,1285.7,1275.35,,-0.25
2022-09-06,1277.4,1279.58,1286.92,1277.4,,0.0
2022-09-07,1243.17,1277.4,1277.4,1243.17,,-2.68
2022-09-08,1234.6,1243.17,1251.36,1234.6,,-0.69
2022-09-09,1248.78,1234.6,1248.78,1228.54,,1.15
2022-09-12,1249.62,1248.78,1257.8,1248.78,,0.07
2022-09-13,1248.4,1249.62,1252.35,1243.87,,-0.1
2022-09-14,1240.77,1248.4,1248.4,1228.51,,-0.61
2022-09-15,1245.66,1240.77,1250.93,1240.77,,0.39
2022-09-16,1234.03,1245.66,1246.17,1230.37,,-0.93
2022-09-19,1205.43,1234.03,1234.03,1202.07,,-2.32
2022-09-20,1218.93,1212.08,1218.93,1199.71,,1.12
2022-09-21,1210.55,1218.93,1218.93,1204.68,,-0.69
2022-09-22,1214.7,1210.55,1214.7,1196.64,,0.34
2022-09-23,1203.28,1214.7,1216.59,1201.45,,-0.94
2022-09-26,1174.35,1203.28,1203.28,1159.12,,-2.4
2022-09-27,1166.54,1174.35,1180.75,1166.44,,-0.67
2022-09-28,1143.62,1166.54,1166.54,1142.79,,-1.96
2022-09-29,1126.07,1143.62,1159.49,1126.07,,-1.53
2022-09-30,1132.11,1126.07,1135.47,1099.44,,0.54
2022-10-03,1086.44,1132.11,1132.11,1079.86,,-4.03
2022-10-04,1078.14,1086.44,1100.42,1069.74,,-0.76
2022-10-05,1104.26,1078.14,1110.21,1078.14,,2.42
2022-10-06,1074.52,1104.26,1106.97,1072.57,,-2.69
2022-10-07,1035.91,1074.52,1074.52,1022.38,,-3.59
2022-10-10,1042.48,1035.91,1051.02,1012.94,,0.63
2022-10-11,1006.2,1042.48,1042.48,998.64,,-3.48
2022-10-12,1034.81,1006.2,1039.44,1002.89,,2.84
2022-10-13,1050.99,1034.81,1050.99,1025.04,,1.56
2022-10-14,1061.85,1050.99,1068.12,1050.99,,1.03
2022-10-17,1051.58,1061.85,1061.85,1033.59,,-0.97
2022-10-18,1063.66,1051.58,1071.74,1051.58,,1.15
2022-10-19,1060.07,1063.66,1065.99,1052.29,,-0.34
2022-10-20,1058.45,1056.14,1065.28,1048.21,,-0.15
2022-10-21,1019.82,1058.45,1059.09,1013.69,,-3.65
2022-10-24,986.15,1019.82,1023.51,977.41,,-3.3
2022-10-25,997.7,986.15,1011.39,962.45,,1.17
2022-10-26,993.36,997.7,1004.55,984.71,,-0.44
2022-10-27,1028.01,993.36,1028.01,990.48,,3.49
2022-10-28,1027.36,1028.01,1044.57,1026.53,,-0.06
2022-10-31,1027.94,1028.24,1030.32,1005.0,,0.06
2022-11-01,1033.75,1027.94,1043.53,1027.39,,0.57
2022-11-02,1023.19,1033.75,1034.73,1018.64,,-1.02
2022-11-03,1019.81,1023.19,1023.95,1010.65,,-0.33
2022-11-04,997.15,1008.23,1009.96,974.61,,-2.22
2022-11-07,975.19,997.15,997.15,969.61,,-2.2
2022-11-08,981.65,975.19,981.86,956.97,,0.66
2022-11-09,985.59,981.65,994.79,977.93,,0.4
2022-11-10,947.24,975.97,976.31,935.78,,-3.89
2022-11-11,954.53,947.24,966.7,947.24,,0.77
2022-11-14,941.04,954.53,954.53,923.53,,-1.41
2022-11-15,911.9,941.04,941.04,900.17,,-3.1
2022-11-16,942.9,911.9,945.42,873.78,1050000.0,3.4
2022-11-17,969.26,942.9,972.88,942.9,,2.8
2022-11-18,969.33,969.26,971.77,939.73,,0.01
2022-11-21,960.65,969.33,973.19,956.77,,-0.9
2022-11-22,952.12,960.65,985.28,948.52,1050000.0,-0.89
2022-11-23,946.0,952.12,958.61,942.02,,-0.64
2022-11-24,947.71,946.0,950.03,934.31,,0.18
2022-11-25,971.46,947.71,971.46,947.71,,2.51
2022-11-28,1005.69,971.46,1006.22,971.46,,3.52
2022-11-29,1032.16,1005.69,1032.16,998.56,1180000.0,2.63
2022-11-30,1048.42,1032.16,1048.42,1021.54,1140000.0,1.58
2022-12-01,1036.28,1048.42,1066.28,1035.62,1340000.0,-1.16
2022-12-02,1080.01,1036.28,1080.01,1030.81,1090000.0,4.22
2022-12-05,1093.67,1080.01,1099.45,1080.01,1260000.0,1.26
2022-12-06,1048.69,1093.67,1093.67,1048.69,1480000.0,-4.11
2022-12-07,1041.02,1048.69,1059.79,1034.92,,-0.73
2022-12-08,1050.53,1041.02,1078.09,1041.02,,0.91
2022-12-09,1051.81,1050.53,1061.21,1041.39,,0.12
2022-12-12,1032.07,1051.81,1065.16,1032.07,,-1.88
2022-12-13,1047.45,1032.07,1047.45,1026.3,,1.49
2022-12-14,1050.43,1047.45,1062.18,1046.43,,0.28
2022-12-15,1055.32,1049.16,1062.61,1049.06,,0.47
2022-12-16,1052.48,1055.32,1064.79,1047.16,,-0.27
2022-12-19,1038.4,1052.48,1065.59,1038.4,,-1.34
2022-12-20,1023.13,1038.4,1038.74,1010.08,1080000.0,-1.47
2022-12-21,1018.88,1033.34,1033.84,1005.43,,-0.42
2022-12-22,1022.61,1018.88,1033.18,1016.54,,0.37
2022-12-23,1020.34,1022.61,1027.34,1013.2,,-0.22
2022-12-26,985.21,1020.34,1021.89,985.21,,-3.44
2022-12-27,1004.57,985.21,1007.88,983.67,,1.97
2022-12-28,1015.66,1004.57,1020.52,998.97,,1.1
2022-12-29,1009.29,1015.66,1021.96,1009.29,,-0.63
2022-12-30,1007.09,1009.29,1017.99,1007.09,,-0.22
2023-01-03,1043.9,1007.09,1043.9,1007.09,,3.66
2023-01-04,1046.35,1043.9,1052.6,1041.56,,0.23
2023-01-05,1055.82,1048.17,1058.14,1046.64,,0.91
2023-01-06,1051.44,1055.82,1065.58,1047.26,,-0.41
2023-01-09,1054.21,1058.28,1062.12,1050.95,,0.26
2023-01-10,1053.35,1054.21,1057.44,1045.75,,-0.08
2023-01-11,1055.76,1053.35,1065.69,1053.35,,0.23
2023-01-12,1056.39,1055.76,1060.97,1050.27,,0.06
2023-01-13,1060.17,1056.39,1066.39,1055.23,,0.36
2023-01-16,1066.68,1060.17,1067.74,1057.87,,0.61
2023-01-17,1088.29,1066.68,1088.29,1066.68,,2.03
2023-01-18,1098.28,1088.29,1100.39,1088.29,,0.92
2023-01-19,1108.08,1098.28,1111.72,1094.46,,0.89
2023-01-27,1117.1,1108.08,1124.3,1108.08,,0.81
2023-01-30,1102.57,1117.1,1118.46,1102.57,,-1.3
2023-01-31,1111.18,1102.57,1111.18,1088.25,,0.78
2023-02-01,1075.97,1111.18,1116.96,1075.97,1030000.0,-3.17
2023-02-02,1077.59,1075.97,1083.36,1070.81,,0.15
2023-02-03,1077.15,1077.59,1081.89,1070.46,,-0.04
2023-02-06,1089.29,1077.15,1089.29,1067.24,,1.13
2023-02-07,1065.84,1089.29,1092.12,1065.18,,-2.15
2023-02-08,1072.22,1065.84,1079.51,1063.5,,0.6
2023-02-09,1064.03,1072.22,1075.2,1064.03,,-0.76
2023-02-10,1055.3,1064.03,1066.28,1054.08,,-0.82
2023-02-13,1043.7,1055.3,1055.3,1031.7,,-1.1
2023-02-14,1038.64,1043.7,1046.64,1032.76,,-0.48
2023-02-15,1048.2,1038.64,1051.89,1034.39,,0.92
2023-02-16,1058.29,1048.2,1058.29,1047.45,,0.96
2023-02-17,1059.31,1058.29,1062.25,1053.26,,0.1
2023-02-20,1086.69,1059.74,1088.01,1059.56,,2.58
2023-02-21,1082.23,1086.69,1095.1,1081.8,,-0.41
2023-02-22,1054.28,1082.23,1082.23,1054.28,,-2.58
2023-02-23,1053.66,1054.28,1054.48,1030.58,,-0.06
2023-02-24,1039.56,1053.66,1053.66,1034.66,,-1.34
2023-02-27,1021.25,1039.56,1039.56,1017.55,,-1.76
2023-02-28,1024.68,1021.25,1034.36,1018.72,,0.34
2023-03-01,1040.55,1024.68,1040.55,1013.37,,1.55
2023-03-02,1037.61,1039.0,1043.8,1033.07,,-0.28
2023-03-03,1024.77,1038.1,1041.82,1022.78,,-1.24
2023-03-06,1027.18,1024.77,1042.43,1024.77,,0.24
2023-03-07,1037.84,1027.18,1043.92,1027.18,,1.04
2023-03-08,1049.18,1037.84,1049.18,1027.8,,1.09
2023-03-09,1055.95,1049.18,1060.56,1049.18,,0.65
2023-03-10,1053.0,1055.95,1055.95,1046.31,,-0.28
2023-03-13,1052.8,1053.0,1055.58,1045.46,,-0.02
2023-03-14,1040.13,1052.8,1052.8,1034.72,,-1.2
2023-03-15,1062.19,1040.13,1062.55,1040.13,,2.12
2023-03-16,1047.4,1062.19,1062.19,1043.65,,-1.39
2023-03-17,1045.14,1047.4,1055.42,1043.54,,-0.22
2023-03-20,1023.1,1045.14,1045.14,1022.71,,-2.11
2023-03-21,1032.43,1023.1,1036.15,1017.05,,0.91
2023-03-22,1040.54,1032.43,1042.84,1032.43,,0.79
2023-03-23,1045.1,1040.54,1045.1,1030.93,,0.44
2023-03-24,1046.79,1045.1,1052.29,1044.02,,0.16
2023-03-27,1052.25,1047.78,1053.78,1041.99,,0.52
2023-03-28,1054.29,1052.25,1059.83,1051.75,,0.19
2023-03-29,1056.33,1054.29,1056.33,1048.26,,0.19
2023-03-30,1059.44,1056.33,1066.23,1056.33,,0.29
2023-03-31,1064.64,1059.44,1067.55,1059.44,,0.49
2023-04-03,1079.28,1064.64,1079.28,1064.64,,1.38
2023-04-04,1078.45,1079.28,1082.21,1075.1,,-0.08
2023-04-05,1080.86,1078.45,1080.86,1074.1,,0.22
2023-04-06,1070.91,1080.86,1084.52,1070.91,,-0.92
2023-04-07,1069.71,1070.91,1072.94,1063.7,,-0.11
2023-04-10,1065.35,1073.86,1075.54,1063.45,,-0.41
2023-04-11,1069.46,1065.35,1070.56,1056.9,,0.39
2023-04-12,1069.45,1071.61,1072.7,1066.43,,0.0
2023-04-13,1064.3,1069.45,1070.96,1062.26,,-0.48
2023-04-14,1052.89,1064.3,1068.79,1052.89,,-1.07
2023-04-17,1053.81,1052.89,1054.72,1049.11,,0.09
2023-04-18,1055.02,1053.81,1057.15,1050.89,,0.11
2023-04-19,1048.98,1055.02,1058.14,1047.47,,-0.57
2023-04-20,1049.25,1048.98,1051.86,1045.85,,0.03
2023-04-21,1042.91,1049.25,1050.4,1041.26,,-0.6
2023-04-24,1041.36,1042.91,1047.18,1038.36,,-0.15
2023-04-25,1034.85,1045.87,1045.87,1032.49,,-0.63
2023-04-26,1040.8,1034.85,1040.8,1029.19,,0.57
2023-04-27,1039.63,1040.8,1044.25,1037.62,,-0.11
2023-04-28,1049.12,1043.17,1049.12,1042.04,,0.91
2023-05-04,1040.61,1049.12,1049.12,1038.18,,-0.81
2023-05-05,1040.31,1040.61,1043.22,1036.69,,-0.03
2023-05-08,1053.44,1040.31,1053.44,1040.31,,1.26
2023-05-09,1053.77,1055.42,1058.71,1052.68,,0.03
2023-05-10,1058.26,1055.62,1058.67,1053.34,,0.43
2023-05-11,1057.12,1058.26,1063.69,1056.72,,-0.11
2023-05-12,1066.9,1057.12,1066.9,1053.97,,0.93
2023-05-15,1065.71,1066.9,1076.32,1065.71,,-0.11
2023-05-16,1065.91,1065.71,1069.27,1063.65,,0.02
2023-05-17,1060.44,1065.91,1069.95,1060.44,,-0.51
2023-05-18,1068.31,1060.44,1073.41,1060.44,,0.74
2023-05-19,1067.07,1068.31,1070.15,1058.56,,-0.12
2023-05-22,1070.64,1067.07,1070.64,1065.88,,0.33
2023-05-23,1065.85,1073.12,1073.96,1062.15,,-0.45
2023-05-24,1061.79,1065.85,1069.61,1060.6,,-0.38
2023-05-25,1064.63,1061.79,1065.5,1057.91,,0.27
2023-05-26,1063.76,1064.63,1067.28,1063.76,,-0.08
2023-05-29,1074.98,1063.76,1077.18,1063.76,,1.05
2023-05-30,1078.05,1074.98,1079.31,1071.01,,0.29
2023-05-31,1075.17,1078.05,1079.11,1071.38,,-0.27
2023-06-01,1078.39,1075.17,1078.39,1071.61,,0.3
2023-06-02,1090.84,1084.19,1092.24,1083.36,1040000.0,1.15
2023-06-05,1097.82,1090.84,1103.81,1090.84,,0.64
2023-06-06,1108.31,1097.82,1108.31,1097.82,,0.96
2023-06-07,1109.54,1108.31,1112.28,1104.26,1000000.0,0.11
2023-06-08,1101.32,1109.54,1115.14,1101.32,1320000.0,-0.74
2023-06-09,1107.53,1101.32,1107.53,1097.23,,0.56
2023-06-12,1116.02,1110.26,1116.02,1100.08,,0.77
2023-06-13,1122.46,1116.02,1122.46,1116.02,,0.58
2023-06-14,1117.42,1122.46,1129.49,1117.42,,-0.45
2023-06-15,1116.97,1117.42,1120.13,1112.11,,-0.04
2023-06-16,1115.22,1116.97,1128.92,1112.51,1170000.0,-0.16
2023-06-19,1105.4,1115.22,1117.23,1104.73,,-0.88
2023-06-20,1111.72,1105.4,1111.72,1102.58,,0.57
2023-06-21,1118.46,1112.73,1118.46,1110.65,,0.61
2023-06-22,1125.3,1118.46,1127.54,1118.46,,0.61
2023-06-23,1129.38,1125.3,1130.61,1122.62,,0.36
2023-06-26,1132.03,1129.38,1134.0,1119.95,1040000.0,0.23
2023-06-27,1134.33,1132.03,1136.49,1128.82,,0.2
2023-06-28,1138.35,1134.33,1140.56,1131.86,,0.35
2023-06-29,1125.39,1139.42,1140.43,1125.39,,-1.14
2023-06-30,1120.18,1125.39,1126.33,1120.01,,-0.46
2023-07-03,1125.5,1120.18,1128.35,1120.18,,0.47
2023-07-04,1132.0,1125.5,1132.12,1123.49,,0.58
2023-07-05,1134.62,1132.0,1138.67,1132.0,,0.23
2023-07-06,1126.22,1134.62,1135.81,1122.35,,-0.74
2023-07-07,1138.07,1126.22,1138.07,1122.94,,1.05
2023-07-10,1149.02,1138.07,1149.02,1138.07,,0.96
2023-07-11,1151.77,1149.02,1157.01,1149.02,,0.24
2023-07-12,1154.2,1151.77,1157.43,1149.28,,0.21
2023-07-13,1165.42,1154.2,1165.42,1154.2,,0.97
2023-07-14,1168.4,1165.42,1169.84,1156.28,1040000.0,0.26
2023-07-17,1173.13,1171.75,1174.89,1168.77,,0.4
2023-07-18,1174.09,1173.13,1175.7,1170.04,,0.08
2023-07-19,1172.98,1174.09,1178.55,1172.98,,-0.09
2023-07-20,1172.81,1172.98,1174.39,1166.62,,-0.01
2023-07-21,1185.9,1172.81,1185.9,1172.07,,1.12
2023-07-24,1190.72,1185.9,1193.22,1183.39,1040000.0,0.41
2023-07-25,1195.9,1190.72,1199.27,1190.72,1000000.0,0.44
2023-07-26,1200.84,1195.9,1200.84,1195.44,,0.41
2023-07-27,1197.33,1200.84,1203.69,1191.08,1160000.0,-0.29
2023-07-28,1207.67,1197.33,1207.67,1195.86,1110000.0,0.86
2023-07-31,1222.9,1207.67,1224.81,1207.67,1200000.0,1.26
2023-08-01,1217.56,1222.9,1234.5,1217.56,1280000.0,-0.44
2023-08-02,1220.43,1217.56,1223.04,1213.18,,0.24
2023-08-03,1210.95,1219.73,1222.35,1209.06,1030000.0,-0.78
2023-08-04,1225.98,1210.95,1228.12,1210.95,1130000.0,1.24
2023-08-07,1241.42,1233.1,1241.42,1230.38,1300000.0,1.26
2023-08-08,1242.23,1241.42,1246.22,1239.01,1190000.0,0.07
2023-08-09,1233.99,1242.23,1242.23,1231.28,1090000.0,-0.66
2023-08-10,1220.61,1233.99,1238.19,1220.61,1010000.0,-1.08
2023-08-11,1232.21,1220.61,1232.21,1213.37,1010000.0,0.95
2023-08-14,1236.84,1232.21,1239.61,1229.04,1110000.0,0.38
2023-08-15,1234.05,1236.84,1239.42,1230.58,,-0.23
2023-08-16,1243.26,1234.05,1243.48,1234.05,,0.75
2023-08-17,1233.48,1242.58,1243.98,1233.48,1110000.0,-0.79
2023-08-18,1177.99,1233.48,1233.48,1177.74,1700000.0,-4.5
2023-08-21,1179.76,1177.99,1188.16,1164.63,1080000.0,0.15
2023-08-22,1180.49,1179.76,1184.43,1149.13,1060000.0,0.06
2023-08-23,1172.56,1180.49,1193.79,1168.89,,-0.67
2023-08-24,1189.39,1172.56,1189.99,1171.33,,1.44
2023-08-25,1183.37,1189.39,1192.59,1181.6,,-0.51
2023-08-28,1201.72,1183.37,1202.02,1183.37,,1.55
2023-08-29,1204.43,1201.72,1208.78,1197.57,,0.23
2023-08-30,1213.16,1206.1,1213.52,1203.51,,0.72
2023-08-31,1224.05,1213.16,1224.84,1213.16,,0.9
2023-09-05,1234.98,1224.05,1236.21,1224.05,1090000.0,0.89
2023-09-06,1245.5,1234.98,1245.5,1229.89,1130000.0,0.85
2023-09-07,1243.14,1245.5,1255.11,1240.82,1130000.0,-0.19
2023-09-08,1241.48,1243.14,1248.1,1240.15,1100000.0,-0.13
2023-09-11,1223.63,1241.48,1251.37,1223.33,1390000.0,-1.44
2023-09-12,1245.44,1223.63,1245.44,1220.85,,1.78
2023-09-13,1238.39,1245.44,1250.61,1232.84,1260000.0,-0.57
2023-09-14,1223.81,1238.39,1244.21,1223.03,1230000.0,-1.18
2023-09-15,1227.36,1223.81,1233.87,1220.27,,0.29
2023-09-18,1211.81,1227.36,1227.36,1203.88,,-1.27
2023-09-19,1211.5,1211.81,1219.57,1199.85,1000000.0,-0.03
2023-09-20,1226.11,1211.5,1226.11,1209.46,,1.21
2023-09-21,1212.74,1226.11,1227.88,1211.65,,-1.09
2023-09-22,1193.05,1212.74,1212.74,1174.57,1390000.0,-1.62
2023-09-25,1153.2,1193.05,1195.62,1153.2,1090000.0,-3.34
2023-09-26,1137.96,1153.2,1163.52,1137.96,1050000.0,-1.32
2023-09-27,1153.85,1137.96,1153.85,1126.36,,1.4
2023-09-28,1152.43,1153.85,1155.39,1136.99,,-0.12
2023-09-29,1154.15,1152.43,1163.88,1152.43,,0.15
2023-10-02,1155.25,1154.15,1161.48,1149.63,,0.1
2023-10-03,1118.1,1155.25,1155.25,1117.28,,-3.22
2023-10-04,1128.67,1118.1,1133.79,1106.4,,0.95
2023-10-05,1113.89,1128.67,1133.12,1113.89,,-1.31
2023-10-06,1128.54,1113.89,1129.13,1107.4,,1.32
2023-10-09,1137.36,1128.54,1137.36,1127.03,,0.78
2023-10-10,1143.69,1137.36,1150.34,1137.36,,0.56
2023-10-11,1150.81,1143.69,1150.81,1138.22,,0.62
2023-10-12,1151.61,1150.81,1156.73,1148.11,,0.07
2023-10-13,1154.73,1151.61,1155.1,1138.99,,0.27
2023-10-16,1141.42,1154.73,1157.46,1140.64,,-1.15
2023-10-17,1121.65,1145.34,1147.89,1121.65,,-1.73
2023-10-18,1103.4,1121.65,1125.27,1088.87,1040000.0,-1.63
2023-10-19,1087.85,1103.4,1104.03,1087.85,,-1.41
2023-10-20,1108.03,1087.85,1108.16,1073.73,,1.86
2023-10-23,1093.53,1108.03,1108.03,1086.54,,-1.31
2023-10-24,1105.9,1093.53,1107.3,1088.17,,1.13
2023-10-25,1101.66,1105.9,1111.39,1100.64,,-0.38
2023-10-26,1055.45,1101.66,1101.66,1049.71,1180000.0,-4.19
2023-10-27,1060.62,1055.45,1061.87,1037.46,,0.49
2023-10-30,1042.4,1054.03,1060.39,1042.4,,-1.72
2023-10-31,1028.19,1042.4,1046.17,1025.03,,-1.36
2023-11-01,1039.66,1028.19,1039.66,1020.01,,1.12
2023-11-02,1075.47,1039.66,1075.47,1039.66,,3.44
2023-11-03,1076.78,1075.47,1082.23,1071.11,,0.12
2023-11-06,1089.66,1076.78,1089.66,1076.78,,1.2
2023-11-07,1080.29,1089.66,1089.89,1079.42,,-0.86
2023-11-08,1113.43,1080.29,1113.43,1075.8,,3.07
2023-11-09,1113.89,1113.43,1124.78,1112.13,1050000.0,0.04
2023-11-10,1101.68,1113.89,1116.02,1101.23,1030000.0,-1.1
2023-11-13,1100.07,1103.66,1107.91,1093.19,,-0.15
2023-11-14,1109.73,1100.07,1115.6,1100.07,,0.88
2023-11-15,1122.5,1109.73,1132.75,1109.73,,1.15
2023-11-16,1125.53,1122.5,1125.53,1114.97,,0.27
2023-11-17,1101.19,1125.53,1129.84,1096.16,1260000.0,-2.16
2023-11-20,1103.66,1101.19,1111.26,1085.32,,0.22
2023-11-21,1110.46,1103.66,1112.77,1103.66,,0.62
2023-11-22,1113.82,1110.46,1115.47,1103.26,,0.3
2023-11-23,1088.49,1113.82,1118.54,1088.49,1030000.0,-2.27
2023-11-24,1095.61,1088.49,1095.61,1073.31,,0.65
2023-11-27,1088.06,1095.61,1096.84,1085.69,,-0.69
2023-11-28,1095.43,1088.06,1095.43,1076.45,,0.68
2023-11-29,1102.8,1095.43,1105.28,1095.43,,0.67
2023-11-30,1094.13,1101.75,1107.45,1094.13,,-0.79
2023-12-01,1102.16,1094.13,1102.2,1090.08,,0.73
2023-12-04,1120.49,1102.16,1123.96,1102.16,1120000.0,1.66
2023-12-05,1115.97,1120.49,1124.11,1113.55,,-0.4
2023-12-06,1126.43,1115.97,1126.43,1115.97,,0.94
2023-12-07,1121.49,1126.43,1129.83,1109.51,1330000.0,-0.44
2023-12-08,1124.44,1121.49,1127.46,1119.43,,0.26
2023-12-11,1125.5,1124.44,1129.15,1120.32,,0.09
2023-12-12,1127.63,1125.5,1129.77,1123.35,,0.19
2023-12-13,1114.2,1127.63,1131.21,1112.08,,-1.19
2023-12-14,1110.13,1114.2,1120.36,1107.86,,-0.37
2023-12-15,1102.3,1110.13,1112.79,1102.3,,-0.71
2023-12-18,1091.88,1102.3,1103.74,1091.45,,-0.95
2023-12-19,1096.3,1091.88,1096.3,1082.29,,0.4
2023-12-20,1100.76,1096.3,1102.27,1093.38,,0.41
2023-12-21,1102.43,1100.76,1102.43,1094.47,,0.15
2023-12-22,1103.06,1102.43,1104.65,1099.32,,0.06
2023-12-25,1117.66,1103.06,1118.31,1103.06,,1.32
2023-12-26,1122.25,1117.66,1123.11,1117.66,,0.41
2023-12-27,1121.99,1122.25,1126.47,1121.99,,-0.02
2023-12-28,1128.93,1121.99,1130.58,1120.5,,0.62
2023-12-29,1129.93,1128.93,1135.05,1128.93,,0.09
2024-01-02,1131.72,1129.93,1139.71,1128.69,,0.16
2024-01-03,1144.17,1131.72,1144.17,1128.32,,1.1
2024-01-04,1150.72,1145.49,1160.08,1144.32,1180000.0,0.57
2024-01-05,1154.68,1150.72,1155.84,1149.08,,0.34
2024-01-08,1160.19,1154.68,1162.56,1154.68,,0.48
2024-01-09,1158.59,1160.19,1162.83,1155.46,,-0.14
2024-01-10,1161.54,1158.59,1166.1,1155.94,,0.25
2024-01-11,1162.22,1161.54,1169.1,1157.43,,0.06
2024-01-12,1154.7,1162.22,1162.22,1146.75,1090000.0,-0.65
2024-01-15,1154.12,1154.7,1163.75,1154.12,,-0.05
2024-01-16,1163.12,1154.12,1163.12,1147.71,,0.78
2024-01-17,1162.53,1161.95,1168.46,1160.45,,-0.05
2024-01-18,1169.06,1162.53,1169.73,1162.53,,0.56
2024-01-19,1181.5,1171.5,1181.5,1171.47,,1.06
2024-01-22,1182.86,1181.5,1186.96,1175.54,,0.12
2024-01-23,1177.5,1182.86,1184.74,1173.78,,-0.45
2024-01-24,1172.97,1177.5,1180.3,1172.0,,-0.38
2024-01-25,1170.37,1172.97,1173.83,1168.5,,-0.22
2024-01-26,1175.67,1170.37,1176.76,1170.37,,0.45
2024-01-29,1175.69,1175.67,1180.46,1174.88,,0.0
2024-01-30,1179.65,1175.69,1179.92,1174.13,,0.34
2024-01-31,1164.31,1179.65,1182.53,1163.13,1120000.0,-1.3
2024-02-01,1173.02,1164.31,1174.5,1162.45,,0.75
2024-02-02,1172.55,1173.02,1178.27,1169.7,,-0.04
2024-02-05,1186.06,1172.55,1188.45,1172.55,,1.15
2024-02-06,1188.48,1186.06,1190.92,1185.68,,0.2
2024-02-07,1198.53,1188.48,1199.52,1188.48,,0.85
2024-02-15,1202.5,1203.08,1207.56,1198.81,,0.33
2024-02-16,1209.7,1202.5,1210.25,1202.5,,0.6
2024-02-19,1224.97,1209.7,1225.48,1209.7,1050000.0,1.26
2024-02-20,1230.06,1224.97,1230.47,1222.66,,0.42
2024-02-21,1230.04,1230.06,1234.22,1222.92,,0.0
2024-02-22,1227.31,1230.04,1232.09,1226.15,,-0.22
2024-02-23,1212.0,1227.31,1240.81,1211.55,1390000.0,-1.25
2024-02-26,1224.17,1212.0,1225.21,1210.52,,1.0
2024-02-27,1237.46,1224.17,1237.6,1224.17,,1.09
2024-02-28,1254.55,1237.46,1254.55,1236.32,,1.38
2024-02-29,1252.73,1254.55,1264.39,1247.7,1090000.0,-0.15
2024-03-01,1258.28,1256.72,1258.76,1247.87,,0.44
2024-03-04,1261.41,1258.28,1268.25,1256.54,1180000.0,0.25
2024-03-05,1269.98,1261.41,1269.98,1257.81,1010000.0,0.68
2024-03-06,1262.73,1269.98,1277.51,1256.3,1060000.0,-0.57
2024-03-07,1268.46,1262.73,1269.88,1260.24,1020000.0,0.45
2024-03-08,1247.35,1268.46,1274.3,1247.35,1350000.0,-1.66
2024-03-11,1235.49,1247.35,1254.01,1233.49,,-0.95
2024-03-12,1245.0,1235.49,1248.33,1233.14,,0.77
2024-03-13,1270.51,1245.0,1270.51,1245.0,,2.05
2024-03-14,1264.26,1270.51,1276.41,1258.67,1060000.0,-0.49
2024-03-15,1263.78,1264.26,1271.63,1252.36,1070000.0,-0.04
2024-03-18,1243.56,1263.78,1269.9,1221.67,1710000.0,-1.6
2024-03-19,1242.46,1246.54,1249.75,1238.92,,-0.09
2024-03-20,1260.08,1242.46,1261.55,1235.46,,1.42
2024-03-21,1276.42,1260.08,1276.42,1260.08,1250000.0,1.3
2024-03-22,1281.8,1276.42,1291.27,1276.38,1380000.0,0.42
2024-03-25,1267.86,1281.8,1286.84,1264.51,1240000.0,-1.09
2024-03-26,1282.21,1267.86,1282.5,1264.42,,1.13
2024-03-27,1283.09,1282.21,1286.72,1276.95,,0.07
2024-03-28,1290.18,1283.09,1293.9,1283.09,1010000.0,0.55
2024-03-29,1284.09,1290.18,1293.04,1282.44,,-0.47
2024-04-01,1281.52,1284.09,1286.8,1274.09,,-0.2
2024-04-02,1287.04,1281.52,1287.04,1268.48,1090000.0,0.43
2024-04-03,1271.47,1287.04,1288.99,1271.47,1080000.0,-1.21
2024-04-04,1268.25,1271.47,1277.62,1265.12,,-0.25
2024-04-05,1255.11,1268.25,1268.25,1253.56,1080000.0,-1.04
2024-04-08,1250.35,1255.11,1258.4,1246.87,,-0.38
2024-04-09,1262.82,1252.4,1262.82,1247.7,,1.0
2024-04-10,1258.56,1262.82,1268.72,1258.56,,-0.34
2024-04-11,1258.2,1258.56,1262.03,1248.11,,-0.03
2024-04-12,1276.6,1258.2,1278.39,1258.2,,1.46
2024-04-15,1216.61,1276.6,1281.81,1216.61,1460000.0,-4.7
2024-04-16,1215.68,1216.61,1222.45,1191.73,1360000.0,-0.08
2024-04-17,1193.01,1215.68,1221.47,1193.01,,-1.86
2024-04-19,1174.85,1193.01,1193.01,1165.99,1070000.0,-1.52
2024-04-22,1190.22,1174.85,1193.88,1174.85,,1.31
2024-04-23,1177.4,1190.22,1192.8,1169.61,,-1.08
2024-04-24,1205.61,1177.4,1207.61,1177.4,,2.4
2024-04-25,1204.97,1205.61,1208.41,1200.21,,-0.05
2024-04-26,1209.52,1204.97,1216.6,1198.73,,0.38
2024-05-02,1216.36,1212.13,1216.36,1206.28,,0.57
2024-05-03,1221.03,1216.36,1225.75,1216.36,,0.38
2024-05-06,1241.58,1221.03,1241.58,1221.03,,1.68
2024-05-07,1248.63,1241.58,1250.63,1240.09,,0.57
2024-05-08,1250.46,1248.63,1251.62,1234.76,,0.15
2024-05-09,1248.64,1250.46,1256.8,1243.29,,-0.15
2024-05-10,1244.7,1248.64,1252.5,1237.46,,-0.32
2024-05-13,1240.18,1244.7,1249.2,1233.56,,-0.36
2024-05-14,1243.28,1240.18,1252.52,1240.18,,0.25
2024-05-15,1254.39,1243.28,1257.92,1243.28,,0.89
2024-05-16,1268.78,1254.39,1271.66,1254.39,,1.15
2024-05-17,1273.11,1268.78,1274.27,1266.32,,0.34
2024-05-20,1277.58,1273.11,1285.19,1273.11,1160000.0,0.35
2024-05-21,1277.14,1277.58,1281.29,1267.29,,-0.03
2024-05-22,1266.91,1277.14,1283.06,1263.87,1140000.0,-0.8
2024-05-23,1281.03,1266.91,1281.03,1262.29,,1.11
2024-05-24,1261.93,1281.03,1285.07,1250.28,1370000.0,-1.49
2024-05-27,1267.68,1263.46,1267.68,1257.27,,0.46
2024-05-28,1281.73,1267.68,1281.73,1267.68,,1.11
2024-05-29,1272.64,1281.73,1285.63,1271.6,1070000.0,-0.71
2024-05-30,1266.32,1272.64,1272.64,1251.8,1050000.0,-0.5
2024-05-31,1261.72,1266.32,1271.07,1261.43,,-0.36
2024-06-03,1280.0,1261.72,1284.48,1261.72,1050000.0,1.45
2024-06-04,1283.52,1280.0,1289.31,1280.0,,0.28
2024-06-05,1284.35,1283.52,1293.93,1283.52,,0.06
2024-06-06,1283.56,1288.79,1292.02,1278.4,,-0.06
2024-06-07,1287.58,1283.56,1293.03,1283.13,,0.31
2024-06-10,1290.67,1287.58,1297.39,1287.44,,0.24
2024-06-11,1284.41,1290.67,1296.41,1279.47,,-0.49
2024-06-12,1300.19,1284.41,1301.35,1281.71,,1.23
2024-06-13,1301.51,1305.69,1306.01,1297.6,,0.1
2024-06-14,1279.91,1301.51,1305.02,1279.91,1110000.0,-1.66
2024-06-17,1274.77,1279.91,1283.1,1272.54,,-0.4
2024-06-18,1279.5,1274.77,1286.52,1274.77,,0.37
2024-06-19,1279.79,1279.5,1284.14,1270.66,1000000.0,0.02
2024-06-20,1282.3,1279.79,1286.54,1273.54,,0.2
2024-06-21,1282.02,1282.3,1288.06,1279.44,,-0.02
2024-06-24,1254.12,1282.02,1284.84,1252.66,1250000.0,-2.18
2024-06-25,1256.56,1254.12,1260.07,1250.25,,0.19
2024-06-26,1261.24,1256.56,1262.67,1247.55,,0.37
2024-06-27,1259.09,1261.24,1262.49,1255.12,,-0.17
2024-06-28,1245.32,1259.09,1262.61,1240.15,,-1.09
2024-07-01,1254.56,1245.32,1254.56,1240.07,,0.74
2024-07-02,1269.79,1254.56,1270.47,1254.56,,1.21
2024-07-03,1276.85,1269.79,1278.14,1268.23,,0.56
2024-07-04,1279.89,1276.85,1283.13,1274.58,,0.24
2024-07-05,1283.04,1279.89,1284.98,1276.93,,0.25
2024-07-08,1283.56,1283.04,1287.14,1277.68,,0.04
2024-07-09,1293.71,1283.56,1294.15,1283.56,,0.79
2024-07-10,1285.94,1293.71,1297.96,1285.94,,-0.6
2024-07-11,1283.8,1285.94,1293.32,1283.8,,-0.17
2024-07-12,1280.75,1283.8,1288.67,1277.16,,-0.24
2024-07-15,1279.82,1280.75,1286.37,1276.27,,-0.07
2024-07-16,1281.18,1279.82,1291.47,1279.37,,0.11
2024-07-17,1268.66,1281.18,1290.76,1256.42,1230000.0,-0.98
2024-07-18,1274.44,1268.66,1274.67,1256.21,,0.46
2024-07-19,1264.78,1274.44,1279.94,1260.68,,-0.76
2024-07-22,1254.64,1264.78,1267.43,1245.02,,-0.8
2024-07-23,1231.81,1254.64,1258.74,1231.81,,-1.82
2024-07-24,1238.47,1231.81,1242.4,1218.65,,0.54
2024-07-25,1233.19,1238.47,1238.47,1226.2,,-0.43
2024-07-26,1242.11,1233.19,1242.11,1233.19,,0.72
2024-07-29,1246.6,1242.11,1249.68,1242.11,,0.36
2024-07-30,1245.06,1246.6,1248.73,1236.97,,-0.12
2024-07-31,1251.51,1245.06,1255.77,1245.06,,0.52
2024-08-01,1226.96,1251.51,1257.85,1222.51,,-1.96
2024-08-02,1236.6,1226.96,1236.6,1209.77,,0.79
2024-08-05,1188.07,1236.6,1236.6,1184.53,1040000.0,-3.92
2024-08-06,1210.28,1188.07,1213.35,1186.74,,1.87
2024-08-07,1215.88,1210.28,1217.79,1205.11,,0.46
2024-08-08,1208.32,1215.88,1219.97,1202.58,,-0.62
2024-08-09,1223.64,1208.32,1225.02,1208.32,,1.27
2024-08-12,1230.28,1223.64,1231.46,1221.16,,0.54
2024-08-13,1230.42,1229.81,1231.55,1223.01,,0.01
2024-08-14,1230.36,1230.42,1236.51,1228.93,,0.0
2024-08-15,1223.56,1230.36,1231.69,1222.28,,-0.55
2024-08-16,1252.23,1223.56,1253.24,1223.56,,2.34
2024-08-19,1261.62,1252.23,1263.84,1252.23,,0.75
2024-08-20,1272.55,1261.62,1275.95,1261.62,,0.87
2024-08-21,1284.05,1272.55,1284.05,1268.91,,0.9
2024-08-22,1282.78,1284.05,1288.42,1280.42,,-0.1
2024-08-23,1285.32,1282.78,1287.43,1276.43,,0.2
2024-08-26,1280.02,1285.32,1290.45,1278.72,,-0.41
2024-08-27,1280.56,1280.02,1282.92,1274.7,,0.04
2024-08-28,1281.44,1280.56,1285.72,1276.9,,0.07
2024-08-29,1281.47,1281.44,1288.2,1280.24,,0.0
2024-08-30,1283.87,1281.47,1286.84,1281.47,,0.19
2024-09-04,1275.8,1283.87,1283.87,1268.43,,-0.63
2024-09-05,1268.21,1275.8,1282.21,1266.05,,-0.59
2024-09-06,1273.96,1268.21,1274.44,1262.94,,0.45
2024-09-09,1267.73,1273.96,1273.96,1262.97,,-0.49
2024-09-10,1255.23,1267.73,1271.83,1252.22,,-0.99
2024-09-11,1253.27,1255.23,1256.86,1244.79,,-0.16
2024-09-12,1256.35,1253.27,1260.93,1253.27,,0.25
2024-09-13,1251.71,1256.35,1256.35,1248.78,,-0.37
2024-09-16,1239.26,1251.71,1255.42,1239.26,,-0.99
2024-09-17,1258.95,1239.26,1258.95,1238.69,,1.59
2024-09-18,1264.9,1258.95,1271.77,1257.93,,0.47
2024-09-19,1271.27,1264.9,1271.27,1264.82,,0.5
2024-09-20,1272.04,1271.27,1283.3,1271.27,,0.06
2024-09-23,1268.48,1275.15,1276.99,1267.87,,-0.28
2024-09-24,1276.99,1268.48,1276.99,1266.68,,0.67
2024-09-25,1287.48,1276.99,1288.44,1276.99,,0.82
2024-09-26,1291.49,1290.03,1298.71,1289.15,,0.31
2024-09-27,1290.92,1295.03,1300.31,1287.21,,-0.04
2024-09-30,1287.94,1290.92,1292.03,1283.92,,-0.23
2024-10-01,1292.2,1287.94,1302.22,1287.94,,0.33
2024-10-02,1287.84,1292.2,1293.69,1285.14,,-0.34
2024-10-03,1278.1,1287.84,1299.36,1276.51,1040000.0,-0.76
2024-10-04,1270.6,1278.9,1279.33,1270.6,,-0.59
2024-10-07,1269.93,1270.6,1278.61,1264.65,,-0.05
2024-10-08,1271.98,1269.93,1275.82,1266.94,,0.16
2024-10-09,1281.85,1273.96,1283.01,1273.04,,0.78
2024-10-10,1286.36,1281.85,1294.33,1281.85,,0.35
2024-10-11,1288.39,1286.36,1289.37,1283.56,,0.16
2024-10-14,1286.34,1288.39,1297.67,1286.13,,-0.16
2024-10-15,1281.08,1287.81,1294.05,1279.81,,-0.41
2024-10-16,1279.48,1279.86,1283.33,1276.4,,-0.12
2024-10-17,1286.52,1279.48,1286.52,1271.82,,0.55
2024-10-18,1285.46,1291.16,1294.1,1285.46,,-0.08
2024-10-21,1279.77,1284.17,1287.71,1279.77,,-0.44
2024-10-22,1269.89,1280.21,1280.21,1265.44,,-0.77
2024-10-23,1270.9,1270.58,1273.21,1263.26,,0.08
2024-10-24,1257.41,1271.17,1274.11,1257.41,,-1.06
2024-10-25,1252.72,1257.41,1261.72,1251.75,,-0.37
2024-10-28,1254.77,1252.72,1255.18,1250.94,,0.16
2024-10-29,1261.78,1258.03,1262.38,1257.43,,0.56
2024-10-30,1258.63,1261.78,1264.84,1255.07,,-0.25
2024-10-31,1264.48,1258.63,1267.88,1255.55,,0.46
2024-11-01,1254.89,1264.48,1264.67,1254.33,,-0.76
2024-11-04,1244.71,1254.89,1256.96,1242.36,,-0.81
2024-11-05,1245.76,1244.71,1248.97,1243.55,,0.08
2024-11-06,1261.28,1251.22,1262.44,1250.57,,1.25
2024-11-07,1259.75,1261.28,1267.09,1259.75,,-0.12
2024-11-08,1252.56,1259.75,1264.09,1250.77,,-0.57
2024-11-11,1250.32,1253.81,1253.87,1241.29,,-0.18
2024-11-12,1244.82,1250.32,1257.02,1242.91,,-0.44
2024-11-13,1246.04,1244.82,1247.04,1234.62,,0.1
2024-11-14,1231.89,1246.04,1247.07,1231.69,,-1.14
2024-11-15,1218.57,1229.36,1229.59,1217.03,,-1.08
2024-11-18,1217.12,1218.57,1225.38,1204.6,,-0.12
2024-11-19,1205.15,1217.12,1221.4,1205.15,,-0.98
2024-11-20,1216.54,1205.15,1222.73,1197.99,,0.95
2024-11-21,1228.33,1216.54,1228.55,1214.06,,0.97
2024-11-22,1228.1,1228.33,1233.42,1226.33,,-0.02
2024-11-25,1234.7,1228.1,1236.57,1228.1,,0.54
2024-11-26,1242.13,1234.7,1246.83,1234.7,,0.6
2024-11-27,1241.97,1242.13,1245.34,1239.23,,-0.01
2024-11-28,1242.11,1246.37,1250.46,1240.91,,0.01
2024-11-29,1250.46,1242.51,1250.92,1241.0,,0.67
2024-12-02,1251.21,1250.46,1258.05,1247.74,,0.06
2024-12-03,1249.83,1251.21,1253.83,1244.91,,-0.11
2024-12-04,1240.41,1249.83,1249.83,1239.82,,-0.75
2024-12-05,1267.53,1241.81,1269.18,1238.49,,2.19
2024-12-06,1270.14,1270.96,1276.1,1268.58,,0.21
2024-12-09,1273.84,1270.14,1277.69,1268.69,,0.29
2024-12-10,1272.07,1273.84,1277.32,1270.32,,-0.14
2024-12-11,1268.86,1273.23,1276.67,1264.15,,-0.25
2024-12-12,1267.35,1268.86,1275.64,1265.99,,-0.12
2024-12-13,1262.57,1267.35,1267.35,1260.48,,-0.38
2024-12-16,1263.79,1262.57,1267.1,1258.65,,0.1
2024-12-17,1261.72,1263.79,1265.45,1260.6,,-0.16
2024-12-18,1266.0,1261.72,1266.53,1261.49,,0.34
2024-12-19,1254.67,1256.9,1259.76,1249.39,,-0.89
2024-12-20,1257.5,1254.67,1259.0,1253.9,,0.23
2024-12-23,1262.76,1257.5,1265.2,1257.5,,0.42
2024-12-24,1260.36,1262.76,1263.17,1253.78,,-0.19
2024-12-25,1274.04,1260.81,1283.09,1260.81,,1.09
2024-12-26,1272.87,1275.68,1277.17,1271.99,,-0.09
2024-12-27,1275.14,1272.87,1277.89,1272.23,,0.18
2024-12-30,1272.02,1275.14,1275.14,1268.77,,-0.24
2024-12-31,1266.78,1272.25,1272.46,1266.78,,-0.41
2025-01-02,1269.71,1266.78,1271.13,1263.25,,0.23
2025-01-03,1254.59,1268.74,1269.01,1254.59,,-1.19
2025-01-06,1246.35,1254.59,1260.37,1244.87,,-0.66
2025-01-07,1246.95,1249.19,1254.09,1243.06,,0.05
2025-01-08,1251.02,1246.95,1251.02,1239.67,,0.33
2025-01-09,1245.77,1251.02,1253.26,1242.9,,-0.42
2025-01-10,1230.48,1245.77,1247.8,1230.48,499270000.0,-1.23
2025-01-13,1235.65,1230.48,1235.65,1220.87,519700000.00000006,0.42
2025-01-14,1229.07,1235.65,1235.65,1226.7,374580000.0,-0.53
2025-01-15,1236.18,1229.07,1237.46,1229.07,466700000.0,0.58
2025-01-16,1242.36,1236.18,1245.4,1235.56,499940000.0,0.5
2025-01-17,1249.11,1242.36,1249.11,1239.63,432980000.0,0.54
2025-01-20,1249.55,1249.11,1253.02,1247.5,440950000.0,0.04
2025-01-21,1246.09,1249.55,1254.17,1243.08,495630000.0,-0.28
2025-01-22,1242.53,1246.09,1249.14,1242.53,508860000.0,-0.29
2025-01-23,1259.63,1245.59,1263.59,1244.77,542470000.0,1.38
2025-01-24,1265.05,1259.26,1265.38,1258.46,536200000.00000006,0.43
2025-02-03,1253.03,1265.05,1265.05,1249.78,547000000.0,-0.95
2025-02-04,1264.68,1256.91,1264.68,1255.44,660340000.0,0.93
2025-02-05,1269.61,1264.68,1271.8,1264.68,587300000.0,0.39
2025-02-06,1271.48,1269.61,1275.47,1268.28,568690000.0,0.15
2025-02-07,1275.2,1271.48,1279.35,1269.11,619050000.0,0.29
2025-02-10,1263.26,1275.2,1275.2,1263.26,794940000.0,-0.94
2025-02-11,1268.45,1263.26,1268.45,1263.11,628720000.0,0.41
2025-02-12,1266.91,1268.45,1272.86,1266.59,506160000.0,-0.12
2025-02-13,1270.35,1266.91,1270.67,1263.85,512020000.0,0.27
2025-02-14,1276.08,1270.35,1280.6,1270.35,650490000.0,0.45
2025-02-17,1272.72,1276.08,1278.49,1272.72,852790000.0,-0.26
2025-02-18,1278.14,1272.72,1283.34,1272.19,706790000.0,0.43
2025-02-19,1288.56,1278.14,1288.56,1278.14,814560000.0,0.82
2025-02-20,1292.98,1288.56,1295.82,1288.56,770750000.0,0.34
2025-02-21,1296.75,1292.98,1296.75,1290.98,740530000.0,0.29
2025-02-24,1304.56,1296.75,1304.56,1294.69,892360000.0,0.6
2025-02-25,1303.16,1306.86,1309.97,1298.54,885780000.0,-0.11
2025-02-26,1302.96,1303.16,1306.49,1301.2,758270000.0,-0.02
2025-02-27,1307.8,1307.31,1307.87,1296.43,892980000.0,0.37
2025-02-28,1305.36,1307.8,1308.77,1300.66,814810000.0,-0.19
2025-03-03,1309.37,1305.36,1309.77,1304.3,976080000.0,0.31
2025-03-04,1311.91,1309.37,1313.21,1298.28,1060000000.0,0.19
2025-03-05,1304.71,1311.91,1319.52,1304.71,979930000.0,-0.55
2025-03-06,1318.22,1304.71,1318.22,1304.71,1060000000.0,1.04
2025-03-07,1326.05,1318.22,1327.07,1318.22,957520000.0,0.59
2025-03-10,1330.28,1326.05,1335.87,1326.05,1020000000.0,0.32
2025-03-11,1332.54,1330.28,1332.54,1315.92,933340000.0,0.17
2025-03-12,1334.41,1332.54,1342.91,1331.75,942050000.0,0.14
2025-03-13,1326.27,1334.41,1340.91,1324.87,1070000000.0000001,-0.61
2025-03-14,1326.15,1326.27,1333.32,1324.3,1020000000.0,-0.01
2025-03-17,1336.26,1330.62,1336.26,1329.05,971320000.0,0.76
2025-03-18,1330.97,1336.26,1341.65,1330.97,903370000.0,-0.4
2025-03-19,1324.63,1330.97,1330.97,1320.85,949330000.0,-0.48
2025-03-20,1323.93,1324.63,1332.41,1316.11,918930000.0,-0.05
2025-03-21,1321.88,1323.93,1325.22,1320.67,805380000.0,-0.15
2025-03-24,1330.32,1322.9,1330.32,1316.73,926620000.0,0.64
2025-03-25,1331.92,1330.32,1337.6,1329.81,1020000000.0,0.12
2025-03-26,1326.09,1331.92,1338.55,1323.69,834630000.0,-0.44
2025-03-27,1323.81,1326.09,1328.82,1323.01,672320000.0,-0.17
2025-03-28,1317.46,1324.42,1325.34,1315.72,739650000.0,-0.48
2025-03-31,1306.86,1317.46,1317.46,1304.1,867810000.0,-0.8
2025-04-01,1317.33,1313.03,1317.46,1308.06,620030000.0,0.8
2025-04-02,1317.83,1317.33,1324.46,1317.33,849310000.0,0.04
2025-04-03,1229.84,1272.87,1277.9,1229.41,1760000000.0,-6.68
2025-04-04,1210.67,1229.84,1229.84,1158.17,1990000000.0,-1.56
2025-04-08,1132.79,1210.67,1210.67,1130.98,1160000000.0,-6.43
2025-04-09,1094.3,1132.79,1141.35,1073.61,1600000000.0,-3.4
2025-04-10,1168.34,1094.3,1168.4,1094.3,369960000.0,6.77
2025-04-11,1222.46,1168.34,1222.46,1168.34,1730000000.0,4.63
2025-04-14,1241.44,1235.01,1242.94,1226.06,1040000000.0,1.55
2025-04-15,1227.79,1241.44,1246.21,1221.75,1070000000.0000001,-1.1
2025-04-16,1210.3,1227.79,1233.84,1205.93,818930000.0,-1.42
2025-04-17,1217.25,1210.3,1217.25,1197.5,807720000.0,0.57
2025-04-18,1219.12,1228.37,1234.67,1219.12,1070000000.0000001,0.15
2025-04-21,1207.07,1219.12,1222.77,1201.63,880860000.0,-0.99
2025-04-22,1197.13,1207.07,1207.07,1136.98,1700000000.0,-0.82
2025-04-23,1211.0,1197.13,1216.28,1197.13,855210000.0,1.16
2025-04-24,1223.35,1214.78,1224.66,1210.37,798640000.0,1.02
2025-04-25,1229.23,1223.35,1230.72,1220.67,863020000.0,0.48
2025-04-28,1226.8,1234.3,1234.3,1222.56,679790000.0,-0.2
2025-04-29,1226.3,1226.8,1229.1,1222.3,675960000.0,-0.04
2025-05-05,1240.05,1226.3,1241.51,1226.3,562290000.0,1.12
2025-05-06,1241.95,1240.05,1251.02,1240.05,723040000.0,0.15
2025-05-07,1250.37,1241.95,1250.79,1240.2,696100000.0,0.68
2025-05-08,1269.8,1250.37,1271.44,1250.37,780070000.0,1.55
2025-05-09,1267.3,1269.8,1279.61,1264.87,693910000.0,-0.2
2025-05-12,1283.26,1267.3,1283.86,1267.3,831860000.0,1.26
2025-05-13,1293.43,1283.26,1293.7,1283.26,883810000.0,0.79
2025-05-14,1309.73,1293.43,1310.57,1292.34,915940000.0,1.26
2025-05-15,1313.2,1309.73,1316.16,1301.61,1050000000.0,0.26
2025-05-16,1301.39,1313.2,1318.03,1299.55,849810000.0,-0.9
2025-05-19,1296.29,1301.39,1306.2,1291.66,829020000.0,-0.39
2025-05-20,1315.15,1296.29,1316.67,1296.29,856900000.0,1.45
2025-05-21,1323.05,1315.15,1331.6,1313.13,989950000.0,0.6
2025-05-22,1313.84,1323.05,1331.93,1312.8,1120000000.0,-0.7
2025-05-23,1314.46,1313.84,1320.07,1308.62,641200000.0,0.05
2025-05-26,1332.51,1314.46,1332.51,1288.86,959630000.0,1.37
2025-05-27,1339.81,1332.51,1339.81,1329.6,1050000000.0,0.55
2025-05-28,1341.87,1339.81,1348.05,1337.18,898550000.0,0.15
2025-05-29,1341.86,1341.87,1348.31,1335.62,894920000.0,0.0
2025-05-30,1332.6,1341.86,1345.78,1328.69,910320000.0,-0.69
2025-06-02,1336.3,1332.6,1336.33,1322.95,860230000.0,0.28
2025-06-03,1347.25,1336.3,1350.89,1336.3,1030000000.0,0.82
2025-06-04,1345.74,1347.25,1351.14,1341.53,952310000.0,-0.11
2025-06-05,1342.09,1345.74,1347.49,1336.11,756610000.0,-0.27
2025-06-06,1329.89,1342.09,1344.92,1325.45,900450000.0,-0.91
2025-06-09,1310.57,1329.89,1331.56,1309.05,718350000.0,-1.45
2025-06-10,1316.23,1310.57,1323.61,1299.94,702730000.0,0.43
2025-06-11,1315.2,1316.23,1322.07,1306.25,539560000.0,-0.08
2025-06-12,1322.99,1315.2,1326.03,1308.63,810970000.0,0.59
2025-06-13,1315.49,1322.99,1326.62,1304.12,1160000000.0,-0.57
2025-06-16,1338.11,1315.49,1338.66,1307.37,778080000.0,1.72
2025-06-17,1347.69,1338.11,1353.01,1338.11,762360000.0,0.72
2025-06-18,1346.83,1347.69,1353.99,1341.64,766360000.0,-0.06
2025-06-19,1352.04,1346.83,1353.96,1342.08,650850000.0,0.39
2025-06-20,1349.35,1352.04,1356.78,1342.31,778280000.0,-0.2
2025-06-23,1358.18,1349.35,1358.26,1338.49,734130000.0,0.65
2025-06-24,1366.77,1358.18,1371.24,1355.53,881510000.0,0.63
2025-06-25,1366.75,1366.77,1371.57,1364.09,733110000.0,0.0
2025-06-26,1365.67,1366.75,1372.74,1360.78,598740000.0,-0.08
2025-06-27,1371.44,1365.67,1373.28,1362.09,677780000.0,0.42
2025-06-30,1376.07,1371.44,1377.3,1371.44,636410000.0,0.34
2025-07-01,1377.84,1376.07,1382.16,1369.74,725240000.0,0.13
2025-07-02,1384.59,1377.84,1384.72,1372.27,848890000.0,0.49
2025-07-03,1381.96,1384.59,1392.39,1377.06,1320000000.0,-0.19
2025-07-04,1386.97,1381.96,1388.04,1379.4,834920000.0,0.36
2025-07-07,1402.06,1386.97,1402.32,1386.97,1230000000.0,1.09
2025-07-08,1415.46,1402.06,1415.65,1400.79,1170000000.0,0.96
2025-07-09,1431.32,1415.46,1432.29,1415.46,1430000000.0,1.12
2025-07-10,1445.64,1431.32,1446.16,1431.32,1070000000.0000001,1.0
2025-07-11,1457.76,1445.64,1463.91,1445.64,1230000000.0,0.84
2025-07-14,1470.42,1457.76,1473.93,1447.72,1260000000.0,0.87
2025-07-15,1460.65,1470.42,1476.32,1460.16,1330000000.0,-0.66
2025-07-16,1475.47,1460.65,1475.47,1457.04,1220000000.0,1.01
2025-07-17,1490.01,1475.47,1494.46,1475.47,1410000000.0,0.99
2025-07-18,1497.28,1490.01,1501.2,1484.29,1460000000.0,0.49
2025-07-21,1485.05,1497.28,1511.96,1481.37,1390000000.0,-0.82
2025-07-22,1509.54,1485.05,1509.54,1476.61,1230000000.0,1.65
2025-07-23,1512.31,1509.54,1523.37,1507.14,1440000000.0,0.18
2025-07-24,1521.02,1512.31,1525.32,1502.82,1390000000.0,0.58
2025-07-25,1531.13,1521.02,1534.51,1519.79,1410000000.0,0.66
2025-07-28,1557.42,1531.13,1558.12,1531.13,1790000000.0,1.72
2025-07-29,1493.41,1557.42,1566.74,1490.24,2640000000.0,-4.11
2025-07-30,1507.63,1493.41,1512.15,1482.45,1620000000.0,0.95
2025-07-31,1502.52,1507.63,1528.66,1488.3,1650000000.0,-0.34
2025-08-01,1495.21,1502.52,1509.22,1479.98,1380000000.0,-0.49
2025-08-04,1528.19,1495.21,1528.21,1491.11,1230000000.0,2.21
2025-08-05,1547.15,1528.19,1584.98,1519.08,2700000000.0,1.24
2025-08-06,1573.71,1547.15,1574.34,1547.15,1330000000.0,1.72
2025-08-07,1581.81,1573.71,1588.38,1567.72,1610000000.0,0.51
2025-08-08,1584.95,1581.81,1592.52,1565.45,1820000000.0,0.2
2025-08-11,1596.86,1584.95,1601.79,1584.95,1590000000.0,0.75
2025-08-12,1608.22,1596.86,1608.34,1591.18,1580000000.0,0.71
2025-08-13,1611.6,1608.22,1618.31,1585.54,1860000000.0,0.21
2025-08-14,1640.69,1611.6,1641.28,1611.6,1750000000.0,1.81
2025-08-15,1630.0,1640.69,1666.54,1615.26,2009999999.9999998,-0.65
2025-08-18,1636.37,1630.0,1642.71,1625.61,1510000000.0,0.39
2025-08-19,1654.2,1636.37,1665.48,1636.37,1790000000.0,1.09
2025-08-20,1664.36,1654.2,1672.7,1614.6,2280000000.0,0.61
2025-08-21,1688.0,1664.36,1693.68,1664.36,1640000000.0,1.42
2025-08-22,1645.47,1688.0,1691.71,1629.49,2230000000.0,-2.52
2025-08-25,1614.03,1645.47,1661.47,1608.53,1450000000.0,-1.91
2025-08-26,1667.63,1614.03,1667.96,1601.65,1230000000.0,3.32
2025-08-27,1672.78,1667.63,1696.6,1667.23,1480000000.0,0.31
2025-08-28,1680.86,1672.78,1684.16,1659.68,1100000000.0,0.48
2025-08-29,1682.21,1680.86,1694.42,1677.82,1460000000.0,0.08
2025-09-03,1681.3,1682.21,1692.69,1670.39,1240000000.0,-0.05
2025-09-04,1696.29,1681.3,1696.29,1675.95,1290000000.0,0.89
2025-09-05,1666.97,1696.29,1711.49,1665.45,1650000000.0,-1.73
2025-09-08,1624.53,1666.97,1667.36,1623.32,1770000000.0,-2.55
2025-09-09,1637.32,1624.53,1637.32,1613.01,1010000000.0,0.79
2025-09-10,1643.26,1637.32,1652.68,1629.29,833100000.0,0.36
2025-09-11,1657.75,1643.26,1659.19,1605.76,1200000000.0,0.88
2025-09-12,1667.26,1657.75,1675.38,1653.79,1010000000.0,0.57
2025-09-15,1684.9,1667.26,1684.9,1665.61,1120000000.0,1.06
2025-09-16,1680.9,1684.9,1697.26,1675.87,1230000000.0,-0.24
2025-09-17,1670.97,1680.9,1684.62,1662.63,967050000.0,-0.59
2025-09-18,1665.18,1670.97,1679.63,1645.58,863670000.0,-0.35
2025-09-19,1658.62,1665.18,1671.94,1638.44,863960000.0,-0.39
2025-09-22,1634.45,1658.62,1666.43,1616.02,1140000000.0,-1.46
2025-09-23,1635.26,1634.45,1643.59,1624.08,657140000.0,0.05
2025-09-24,1657.46,1635.26,1657.48,1619.09,942290000.0,1.36
2025-09-25,1666.09,1657.46,1668.21,1654.47,914940000.0,0.52
2025-09-26,1660.7,1666.09,1671.43,1652.65,899320000.0,-0.32
2025-09-29,1666.48,1660.7,1674.84,1639.2,808660000.0,0.35
2025-09-30,1661.7,1666.48,1676.8,1645.97,1050000000.0,-0.29
2025-10-01,1665.05,1661.7,1671.07,1655.85,666000000.0,0.2
2025-10-02,1652.71,1665.05,1679.73,1646.77,735860000.0,-0.74
2025-10-03,1645.82,1652.71,1656.58,1637.95,814580000.0,-0.42
2025-10-06,1695.5,1645.82,1695.5,1643.23,1010000000.0,3.02
2025-10-07,1685.3,1695.5,1713.15,1675.4,799010000.0,-0.6
2025-10-08,1697.83,1685.3,1735.29,1680.87,1020000000.0,0.74
2025-10-09,1716.47,1697.83,1717.65,1697.83,1040000000.0,1.1
2025-10-10,1747.55,1716.47,1747.57,1716.47,998290000.0,1.81
2025-10-13,1765.12,1747.55,1766.77,1704.63,1230000000.0,1.01
2025-10-14,1761.06,1765.12,1794.58,1753.25,1490000000.0,-0.23
2025-10-15,1757.95,1761.06,1778.49,1747.51,1110000000.0,-0.18
2025-10-16,1766.85,1757.95,1768.45,1753.5,1090000000.0,0.51
2025-10-17,1731.19,1766.85,1777.35,1725.12,1220000000.0,-2.02
2025-10-20,1636.43,1731.19,1731.19,1635.08,1640000000.0,-5.47
2025-10-21,1663.43,1636.43,1677.11,1609.7,1530000000.0,1.65
2025-10-22,1678.5,1663.43,1697.58,1628.37,910680000.0,0.91
2025-10-23,1687.06,1678.5,1698.01,1668.57,699300000.0,0.51
2025-10-24,1683.18,1687.06,1691.69,1660.32,916270000.0,-0.23
2025-10-27,1652.54,1683.18,1697.16,1652.11,903490000.0,-1.82
2025-10-28,1680.5,1652.54,1680.77,1621.52,876810000.0,1.69
2025-10-29,1685.83,1680.5,1702.23,1675.68,823540000.0,0.32
2025-10-30,1669.57,1685.83,1692.13,1661.38,763110000.0,-0.96
2025-10-31,1639.65,1669.57,1675.07,1626.79,777800000.0,-1.79
2025-11-03,1617.0,1639.65,1652.48,1614.65,965230000.0,-1.38
2025-11-04,1651.98,1617.0,1658.93,1600.56,1130000000.0,2.16
2025-11-05,1654.89,1651.98,1662.96,1640.51,614850000.0,0.18
2025-11-06,1642.64,1654.89,1659.81,1638.12,550190000.0,-0.74
2025-11-07,1599.1,1642.64,1644.43,1595.34,818300000.0,-2.65
2025-11-10,1580.54,1599.1,1609.49,1580.54,656340000.0,-1.16
2025-11-11,1593.61,1580.54,1597.08,1578.42,596030000.0,0.83
2025-11-12,1631.86,1593.61,1631.86,1593.61,682210000.0,2.4
2025-11-13,1631.44,1631.86,1638.98,1618.77,629950000.0,-0.03
2025-11-14,1635.46,1631.44,1638.35,1623.03,649840000.0,0.25
2025-11-17,1654.42,1635.46,1654.42,1635.14,661270000.0,1.16
2025-11-18,1659.92,1654.42,1660.41,1639.2,706240000.0,0.33
2025-11-19,1649.0,1659.92,1661.7,1643.04,742000000.0,-0.66
2025-11-20,1655.99,1649.0,1660.55,1647.79,592500000.0,0.42
2025-11-21,1654.93,1655.99,1658.77,1635.1,666030000.0,-0.06
2025-11-24,1667.98,1654.93,1674.29,1654.93,522150000.0,0.79
2025-11-25,1660.36,1667.98,1684.74,1655.83,778050000.0,-0.46
2025-11-26,1680.36,1660.36,1682.17,1660.36,682180000.0,1.2
2025-11-27,1684.32,1680.36,1695.34,1679.76,598410000.0,0.24
2025-11-28,1690.99,1684.32,1696.14,1679.12,632980000.0,0.4
2025-12-01,1701.67,1690.99,1713.77,1690.99,519840000.00000006,0.63
2025-12-02,1717.06,1701.67,1719.03,1690.36,661270000.0,0.9
2025-12-03,1731.77,1717.06,1741.65,1714.9,720630000.0,0.86
2025-12-04,1737.24,1731.77,1741.71,1725.23,762190000.0,0.32
2025-12-05,1741.32,1737.24,1758.44,1736.62,629670000.0,0.23
2025-12-08,1753.74,1741.32,1762.25,1741.32,609650000.0,0.71
2025-12-09,1747.17,1753.74,1772.21,1724.66,895770000.0,-0.37
2025-12-10,1718.98,1747.17,1749.91,1713.0,518370000.0,-1.61
2025-12-11,1698.9,1718.98,1718.98,1690.4,497310000.0,-1.17
2025-12-12,1646.89,1698.9,1704.03,1635.95,830670000.0,-3.06
2025-12-15,1646.01,1646.89,1665.65,1635.91,599600000.0,-0.05
2025-12-16,1679.18,1646.01,1689.07,1629.37,751640000.0,2.02
2025-12-17,1673.66,1679.18,1689.53,1649.51,495750000.0,-0.33
2025-12-18,1676.98,1673.66,1677.24,1665.21,490170000.0,0.2
2025-12-19,1704.31,1676.98,1705.76,1676.98,660580000.0,1.63
2025-12-22,1751.03,1704.31,1751.03,1704.31,755370000.0,2.74
2025-12-23,1772.15,1751.03,1778.18,1751.03,732380000.0,1.21
2025-12-24,1782.82,1772.15,1792.21,1753.65,685900000.0,0.6
2025-12-25,1742.85,1782.82,1805.93,1742.85,633310000.0,-2.24
2025-12-26,1729.8,1742.85,1742.85,1687.14,920350000.0,-0.75
2025-12-29,1754.84,1729.8,1754.84,1729.8,513330000.00000006,1.45
2025-12-30,1766.9,1754.84,1766.9,1740.07,554600000.0,0.69
2025-12-31,1784.49,1766.9,1787.75,1755.58,592840000.0,1.0
2026-01-05,1788.4,1784.49,1797.4,1775.19,810900000.0,0.22
2026-01-06,1816.27,1788.4,1817.06,1788.4,838990000.0,1.56
2026-01-07,1861.58,1816.27,1861.58,1816.27,929080000.0,2.49
2026-01-08,1855.56,1861.58,1888.33,1850.11,1170000000.0,-0.32
2026-01-09,1867.9,1855.56,1880.16,1853.16,1220000000.0,0.67
2026-01-12,1877.33,1867.9,1887.92,1862.13,1320000000.0,0.5
2026-01-13,1902.93,1877.33,1910.69,1871.79,1290000000.0,1.36
2026-01-14,1894.44,1902.93,1918.46,1870.87,1340000000.0,-0.45
2026-01-15,1864.8,1894.44,1896.24,1845.95,1200000000.0,-1.56
2026-01-16,1879.13,1864.8,1901.22,1858.44,980960000.0,0.77
2026-01-19,1896.59,1879.13,1898.24,1874.69,832520000.0,0.93
2026-01-20,1893.78,1896.59,1915.11,1884.6,987970000.0,-0.15
2026-01-21,1885.44,1893.78,1894.22,1859.25,1130000000.0,-0.44
2026-01-22,1882.73,1885.44,1904.56,1870.22,945700000.0,-0.14
2026-01-23,1870.79,1882.73,1898.83,1866.72,841050000.0,-0.63
2026-01-26,1843.72,1870.79,1880.6,1833.21,998240000.0,-1.45
2026-01-27,1830.5,1843.72,1845.7,1821.79,752070000.0,-0.72
2026-01-28,1802.91,1830.5,1842.61,1793.13,863400000.0,-1.51
2026-01-29,1814.98,1802.91,1814.98,1789.26,657110000.0,0.67
2026-01-30,1829.04,1814.98,1831.97,1803.72,827040000.0,0.77
2026-02-02,1806.5,1829.04,1834.94,1777.85,888370000.0,-1.23
2026-02-03,1813.4,1806.5,1827.22,1797.49,916900000.0,0.38
2026-02-04,1791.43,1813.4,1821.61,1780.71,969820000.0,-1.21
2026-02-05,1782.56,1791.43,1800.1,1782.18,703270000.0,-0.5
2026-02-06,1755.49,1782.56,1782.56,1750.89,997370000.0,-1.52
2026-02-09,1754.82,1755.49,1771.73,1749.87,517580000.00000006,-0.04
2026-02-10,1754.03,1754.82,1776.24,1741.37,719680000.0,-0.05
2026-02-11,1796.85,1754.03,1799.92,1754.03,808850000.0,2.44
2026-02-12,1814.09,1796.85,1816.11,1796.85,451670000.0,0.96
2026-02-13,1824.09,1814.09,1824.09,1792.91,576390000.0,0.55
2026-02-23,1860.14,1824.09,1863.13,1824.09,732210000.0,1.98
2026-02-24,1867.62,1860.14,1867.66,1849.6,967870000.0,0.4
2026-02-25,1860.91,1867.62,1876.01,1855.99,1080000000.0,-0.36
2026-02-26,1879.64,1860.91,1882.17,1859.04,753930000.0,1.01
2026-02-27,1880.33,1879.64,1899.44,1863.36,858210000.0,0.04
2026-03-02,1846.1,1880.33,1885.18,1801.54,1420000000.0,-1.82
2026-03-03,1813.14,1846.1,1854.28,1808.55,1220000000.0,-1.79
2026-03-04,1818.27,1813.14,1833.33,1766.86,1480000000.0,0.28
2026-03-05,1808.51,1818.27,1851.6,1806.28,1100000000.0,-0.54
2026-03-06,1767.84,1808.51,1808.51,1766.67,952770000.0,-2.25
2026-03-09,1652.79,1767.84,1767.84,1650.74,1280000000.0,-6.51
2026-03-10,1676.73,1652.79,1716.62,1631.74,1340000000.0,1.45
2026-03-11,1728.34,1676.73,1729.67,1673.57,896280000.0,3.08
2026-03-12,1709.61,1728.34,1737.7,1701.59,857920000.0,-1.08
2026-03-13,1696.24,1709.61,1716.75,1688.21,877880000.0,-0.78
2026-03-16,1693.21,1696.24,1707.0,1680.7,746310000.0,-0.18
2026-03-17,1710.29,1693.21,1732.31,1693.21,725270000.0,1.01
2026-03-18,1713.83,1710.29,1742.87,1690.08,699760000.0,0.21
2026-03-19,1699.13,1713.83,1713.83,1675.32,821690000.0,-0.86
2026-03-20,1647.81,1699.13,1700.01,1628.45,856450000.0,-3.02
2026-03-23,1591.17,1647.81,1647.81,1582.26,986020000.0,-3.44
2026-03-24,1614.77,1591.17,1636.4,1591.17,687080000.0,1.48
2026-03-25,1658.19,1614.77,1658.77,1614.77,796960000.0,2.69
2026-03-26,1644.63,1658.19,1677.52,1634.55,641310000.0,-0.82
2026-03-27,1672.8,1644.63,1673.31,1640.31,814660000.0,1.71
2026-03-30,1662.54,1672.8,1672.8,1637.58,745200000.0,-0.61
2026-03-31,1674.49,1662.54,1677.83,1662.05,787840000.0,0.72
2026-04-01,1702.93,1674.49,1715.21,1674.49,826840000.0,1.7
2026-04-02,1694.82,1702.93,1720.88,1684.47,730460000.0,-0.48
2026-04-03,1684.04,1694.82,1713.95,1679.3,696860000.0,-0.64
2026-04-06,1674.99,1684.04,1693.03,1669.31,556780000.0,-0.54
2026-04-07,1677.54,1674.99,1690.31,1665.36,514780000.0,0.15
2026-04-08,1756.55,1677.54,1756.55,1677.54,1120000000.0,4.71
2026-04-09,1736.68,1756.55,1769.69,1733.97,939900000.0,-1.13
2026-04-10,1750.0,1736.68,1762.84,1736.68,855520000.0,0.77
2026-04-13,1758.96,1750.0,1765.67,1733.18,767250000.0,0.51
2026-04-14,1775.65,1758.96,1784.43,1750.67,774460000.0,0.95
2026-04-15,1800.65,1775.65,1801.89,1775.39,805510000.0,1.41
2026-04-16,1819.83,1800.65,1824.03,1795.42,819390000.0,1.07
2026-04-17,1817.17,1819.83,1846.19,1812.24,632350000.0,-0.15
2026-04-20,1837.11,1817.17,1838.74,1802.42,581400000.0,1.1
2026-04-21,1833.48,1837.11,1866.1,1823.24,751130000.0,-0.2
2026-04-22,1857.3,1833.48,1861.34,1819.21,562380000.0,1.3
2026-04-23,1870.36,1857.3,1888.99,1855.09,953430000.0,0.7
2026-04-24,1853.29,1870.36,1881.93,1843.63,568680000.0,-0.91
2026-04-28,1875.84,1853.29,1887.69,1848.98,577910000.0,1.22
2026-04-29,1850.98,1887.51,1888.8,1838.56,653150000.0,-1.33
