date,open,high,low,close,volume,ticker
2023-07-17,28850.0,28900.0,28000.0,28000.0,41755400,STB
2023-07-19,28450.0,28600.0,28200.0,28250.0,11967700,STB
2023-07-20,28250.0,28300.0,27600.0,27850.0,27303420,STB
2023-07-21,27950.0,28750.0,27800.0,28750.0,30065860,STB
2023-07-24,28750.0,28900.0,28450.0,28700.0,17377080,STB
2023-07-26,28500.0,28500.0,28200.0,28300.0,14699850,STB
2023-07-28,28100.0,28750.0,28100.0,28650.0,20958860,STB
2023-08-03,29150.0,29200.0,28600.0,28600.0,21402500,STB
2023-08-04,28600.0,28950.0,28500.0,28950.0,18096270,STB
2023-08-07,29050.0,30250.0,29050.0,30050.0,49704690,STB
2023-08-08,30350.0,30400.0,29750.0,29800.0,15598600,STB
2023-08-09,29850.0,31200.0,29650.0,31200.0,37886020,STB
2023-08-10,31150.0,31300.0,30550.0,30550.0,13398690,STB
2023-08-11,30750.0,32100.0,30550.0,31850.0,35658910,STB
2023-08-14,31900.0,32000.0,31500.0,31900.0,16893150,STB
2023-08-15,31900.0,32000.0,31450.0,31500.0,19408820,STB
2023-08-16,31500.0,32900.0,31200.0,32900.0,45033630,STB
2023-08-17,32600.0,32800.0,32250.0,32350.0,14884200,STB
2023-08-18,32100.0,32450.0,30300.0,31300.0,45170610,STB
2023-08-21,31600.0,32700.0,31300.0,31800.0,36013980,STB
2023-08-22,32000.0,32150.0,30500.0,32150.0,32940990,STB
2023-08-23,32100.0,32200.0,30750.0,30900.0,39433930,STB
2023-08-24,31100.0,31700.0,30900.0,31550.0,14088430,STB
2023-08-25,31300.0,31500.0,30950.0,31100.0,18936510,STB
2023-08-28,31150.0,31900.0,30950.0,31650.0,18698300,STB
2023-08-29,31800.0,31900.0,31350.0,31750.0,17862300,STB
2023-08-30,31800.0,32500.0,31800.0,32500.0,27367000,STB
2023-08-31,32500.0,32650.0,32350.0,32650.0,18726700,STB
2023-09-05,32700.0,33150.0,32400.0,32700.0,23384900,STB
2023-09-06,32600.0,33050.0,32150.0,33050.0,24004500,STB
2023-09-07,33000.0,33250.0,32650.0,33000.0,21545300,STB
2023-09-08,32800.0,32950.0,32500.0,32500.0,19307110,STB
2023-09-11,32700.0,32700.0,31550.0,31600.0,32699500,STB
2023-09-12,31800.0,32350.0,31350.0,32350.0,14737200,STB
2023-09-13,32500.0,32550.0,31850.0,31950.0,17037500,STB
2023-09-14,32000.0,32450.0,31800.0,31800.0,14940900,STB
2023-09-15,32300.0,33150.0,32100.0,32500.0,35096000,STB
2023-09-18,32300.0,33050.0,32300.0,32600.0,15196000,STB
2023-09-19,32700.0,33600.0,32650.0,33300.0,33669810,STB
2023-09-20,33300.0,33550.0,33200.0,33250.0,10589700,STB
2023-09-21,33200.0,33700.0,32350.0,32350.0,31049800,STB
2023-09-22,32000.0,33000.0,31350.0,32900.0,36016000,STB
2023-09-25,32800.0,33150.0,31400.0,31650.0,32245800,STB
2023-09-26,31950.0,32200.0,31350.0,31350.0,17076300,STB
2023-09-27,31500.0,31800.0,30550.0,31800.0,26094500,STB
2023-09-28,31700.0,31700.0,30450.0,30750.0,29418900,STB
2023-09-29,31000.0,31250.0,30650.0,30650.0,12280500,STB
2023-10-02,30750.0,31100.0,30600.0,30850.0,12415000,STB
2023-10-03,30650.0,30650.0,29050.0,29200.0,33420930,STB
2023-10-04,28900.0,30600.0,28850.0,30200.0,21204450,STB
2023-10-05,30100.0,30350.0,29850.0,29900.0,10308820,STB
2023-10-06,29850.0,30950.0,29650.0,30950.0,13136100,STB
2023-10-09,30950.0,31300.0,30600.0,31200.0,9255711,STB
2023-10-10,31350.0,31650.0,31250.0,31250.0,14138500,STB
2023-10-11,31250.0,31800.0,31150.0,31750.0,8362806,STB
2023-10-12,31950.0,31950.0,31300.0,31600.0,8190505,STB
2023-10-13,31200.0,31600.0,31000.0,31500.0,11308800,STB
2023-10-16,31400.0,31450.0,30200.0,30200.0,25870910,STB
2023-10-17,30450.0,30700.0,30000.0,30000.0,15770400,STB
2023-10-18,30100.0,30300.0,29350.0,29700.0,22147610,STB
2023-10-19,29500.0,29900.0,28950.0,29000.0,22421700,STB
2023-10-20,29000.0,30300.0,28850.0,30100.0,20503900,STB
2023-10-23,29800.0,30100.0,29400.0,29700.0,15702000,STB
2023-10-24,30000.0,30200.0,29750.0,30000.0,11951200,STB
2023-10-25,30000.0,30200.0,29550.0,29550.0,9074600,STB
2023-10-26,29000.0,29200.0,27700.0,28100.0,41857400,STB
2023-10-27,28550.0,29250.0,28150.0,28700.0,17878600,STB
2023-10-30,28750.0,28800.0,27000.0,27000.0,21871700,STB
2023-10-31,27100.0,27550.0,26550.0,27000.0,27998300,STB
2023-11-01,27500.0,27700.0,27100.0,27650.0,8556100,STB
2023-11-02,27950.0,29050.0,27900.0,29000.0,15771400,STB
2023-11-03,29200.0,29200.0,28400.0,28500.0,19090700,STB
2023-11-06,28650.0,29500.0,28600.0,29450.0,27745600,STB
2023-11-07,29150.0,29300.0,28900.0,29000.0,11144900,STB
2023-11-08,28900.0,30100.0,28750.0,30000.0,20906400,STB
2023-11-09,30050.0,30300.0,29650.0,29650.0,23477400,STB
2023-11-10,29400.0,30000.0,29250.0,29500.0,15739800,STB
2023-11-13,29500.0,29600.0,29000.0,29250.0,23212800,STB
2023-11-14,29600.0,30450.0,29500.0,30000.0,20566200,STB
2023-11-15,30600.0,30700.0,29800.0,30000.0,22967100,STB
2023-11-16,29900.0,30200.0,29750.0,30200.0,11613300,STB
2023-11-17,30250.0,30400.0,29050.0,29350.0,22314800,STB
2023-11-20,28700.0,29450.0,28700.0,29200.0,18040800,STB
2023-11-21,29550.0,29600.0,29100.0,29300.0,7061500,STB
2023-11-22,29300.0,29450.0,28750.0,29100.0,22780700,STB
2023-11-23,29150.0,29300.0,28200.0,28200.0,16575800,STB
2023-11-24,28400.0,28400.0,27500.0,28300.0,23849400,STB
2023-11-27,28200.0,28200.0,27400.0,27400.0,19908300,STB
2023-11-28,27500.0,28150.0,26850.0,28150.0,18054800,STB
2023-11-29,28050.0,28250.0,27800.0,27800.0,12029500,STB
2023-11-30,27800.0,28100.0,27500.0,27500.0,13608300,STB
2023-12-01,27500.0,27650.0,27050.0,27500.0,14545000,STB
2023-12-04,27600.0,28350.0,27550.0,28200.0,19614700,STB
2023-12-05,28150.0,28300.0,27800.0,27800.0,13499600,STB
2023-12-06,27700.0,28100.0,27700.0,28100.0,14176100,STB
2023-12-07,28300.0,28950.0,28050.0,28550.0,29322200,STB
2023-12-08,28700.0,28850.0,28200.0,28200.0,14678400,STB
2023-12-11,28300.0,28400.0,27850.0,27850.0,14344500,STB
2023-12-12,27950.0,28100.0,27800.0,28000.0,6953400,STB
2023-12-13,28000.0,28200.0,27450.0,27450.0,20638600,STB
2023-12-15,27100.0,27450.0,27050.0,27100.0,12858200,STB
2023-12-18,27100.0,27200.0,26300.0,26300.0,21729000,STB
2023-12-19,26300.0,26600.0,25850.0,26600.0,18410900,STB
2023-12-20,26700.0,26950.0,26450.0,26950.0,9797200,STB
2023-12-21,26750.0,26850.0,26500.0,26600.0,10388700,STB
2023-12-22,26600.0,27450.0,26300.0,27200.0,23831300,STB
2023-12-25,27250.0,27800.0,27250.0,27500.0,13791000,STB
2023-12-26,27600.0,27600.0,27150.0,27500.0,13897000,STB
2023-12-27,27500.0,27650.0,27350.0,27400.0,11275200,STB
2023-12-28,27450.0,27800.0,27350.0,27600.0,10780400,STB
2023-12-29,27650.0,28100.0,27600.0,27950.0,16499400,STB
2024-01-02,28000.0,28150.0,27750.0,27750.0,14813300,STB
2024-01-03,27750.0,28500.0,27600.0,28500.0,20090700,STB
2024-01-04,28600.0,29550.0,28500.0,28600.0,31484000,STB
2024-01-05,29000.0,29450.0,28850.0,29300.0,31291500,STB
2024-01-08,29600.0,29650.0,29000.0,29200.0,16388600,STB
2024-01-09,29200.0,29500.0,29100.0,29200.0,16760900,STB
2024-01-10,29100.0,29800.0,29100.0,29450.0,25102500,STB
2024-01-11,29700.0,29950.0,29200.0,29500.0,24549200,STB
2024-01-12,29300.0,30150.0,29100.0,29900.0,41145100,STB
2024-01-15,30100.0,30250.0,29700.0,29800.0,13267500,STB
2024-01-16,29750.0,29900.0,29600.0,29900.0,13319500,STB
2024-01-17,29900.0,30050.0,29700.0,29700.0,15239500,STB
2024-01-19,30000.0,30300.0,29950.0,30300.0,19382800,STB
2024-01-22,30500.0,30600.0,30150.0,30250.0,13830000,STB
2024-01-23,30350.0,30700.0,30250.0,30500.0,19926900,STB
2024-01-24,30450.0,31250.0,30400.0,30750.0,25678500,STB
2024-01-25,31000.0,31000.0,30300.0,30500.0,17446300,STB
2024-01-26,30700.0,30700.0,30200.0,30300.0,17489100,STB
2024-01-29,30300.0,30650.0,30300.0,30350.0,8935200,STB
2024-01-30,30350.0,30700.0,30300.0,30700.0,11807400,STB
2024-01-31,30750.0,30900.0,29800.0,29900.0,34456400,STB
2024-02-01,29900.0,30150.0,29700.0,29800.0,11604100,STB
2024-02-02,29950.0,30150.0,29750.0,29900.0,10703500,STB
2024-02-05,30000.0,30850.0,29850.0,30600.0,20315900,STB
2024-02-06,30800.0,31100.0,30700.0,30800.0,15373200,STB
2024-02-07,30750.0,31200.0,30750.0,31100.0,12202200,STB
2024-02-15,31200.0,31700.0,31000.0,31250.0,17188200,STB
2024-02-16,31300.0,31400.0,30750.0,30800.0,20883800,STB
2024-02-19,30950.0,30950.0,30450.0,30700.0,16273300,STB
2024-02-20,30700.0,31050.0,30550.0,30700.0,16318900,STB
2024-02-21,31000.0,32000.0,30850.0,31500.0,45678100,STB
2024-02-22,31400.0,31500.0,31000.0,31050.0,15526000,STB
2024-02-23,31150.0,31550.0,30650.0,30650.0,33551000,STB
2024-02-26,30650.0,30750.0,30150.0,30500.0,24763200,STB
2024-02-27,30600.0,30850.0,30350.0,30750.0,15451600,STB
2024-02-28,30850.0,31500.0,30750.0,31400.0,28484800,STB
2024-02-29,31600.0,31800.0,31100.0,31550.0,23713600,STB
2024-03-01,31750.0,32200.0,31700.0,31950.0,27190200,STB
2024-03-04,32100.0,32200.0,31650.0,31750.0,17207800,STB
2024-03-05,31750.0,31950.0,31550.0,31900.0,12476000,STB
2024-03-06,31800.0,32150.0,31350.0,31550.0,18418500,STB
2024-03-07,31550.0,31600.0,31150.0,31300.0,17422800,STB
2024-03-08,31350.0,31500.0,30600.0,30650.0,34910800,STB
2024-03-11,30600.0,30700.0,30100.0,30200.0,20552600,STB
2024-03-12,30100.0,30550.0,30100.0,30250.0,13290300,STB
2024-03-13,30300.0,30850.0,30150.0,30850.0,16466100,STB
2024-03-14,30900.0,30950.0,30400.0,30450.0,16242300,STB
2024-03-15,30450.0,30750.0,30200.0,30500.0,17494500,STB
2024-03-18,30500.0,30700.0,29700.0,30250.0,26204600,STB
2024-03-19,30300.0,30550.0,29900.0,30400.0,13244500,STB
2024-03-20,30400.0,31250.0,30150.0,31150.0,28332700,STB
2024-03-21,31250.0,31500.0,31100.0,31500.0,15916500,STB
2024-03-22,31650.0,32400.0,31550.0,31650.0,33033900,STB
2024-03-25,31600.0,31700.0,30800.0,30850.0,25301500,STB
2024-03-26,30800.0,31000.0,30750.0,31000.0,19366000,STB
2024-03-27,31000.0,31200.0,30650.0,30900.0,15270500,STB
2024-03-28,31200.0,32000.0,30800.0,32000.0,32067700,STB
2024-03-29,32250.0,32600.0,31600.0,31600.0,34619500,STB
2024-04-01,31500.0,31700.0,31050.0,31400.0,24211300,STB
2024-04-02,30500.0,30950.0,29600.0,30200.0,105089800,STB
2024-04-03,30500.0,30800.0,30100.0,30100.0,30357600,STB
2024-04-04,30100.0,30200.0,29650.0,29700.0,30271800,STB
2024-04-05,29500.0,29850.0,29150.0,29600.0,25476900,STB
2024-04-08,29300.0,29450.0,28950.0,29000.0,26890900,STB
2024-04-09,29000.0,29250.0,28700.0,29150.0,17970600,STB
2024-04-10,29300.0,29450.0,29100.0,29100.0,14930400,STB
2024-04-11,28900.0,29100.0,28750.0,28850.0,10462800,STB
2024-04-12,29100.0,29400.0,28900.0,29100.0,16215100,STB
2024-04-15,29000.0,29400.0,27500.0,27500.0,24337900,STB
2024-04-16,27650.0,27800.0,27200.0,27300.0,22651800,STB
2024-04-17,27600.0,27600.0,26800.0,26800.0,12981400,STB
2024-04-19,26400.0,28000.0,26150.0,26800.0,23052500,STB
2024-04-22,27400.0,28150.0,27100.0,27650.0,13422600,STB
2024-04-23,27550.0,28150.0,27550.0,27800.0,18401000,STB
2024-04-24,27900.0,28600.0,27800.0,28600.0,13991900,STB
2024-04-25,28600.0,28650.0,28200.0,28450.0,10180100,STB
2024-04-26,28250.0,28950.0,28100.0,28200.0,11932400,STB
2024-05-02,28350.0,28350.0,27500.0,27600.0,10054400,STB
2024-05-03,27800.0,28050.0,27500.0,27550.0,8851200,STB
2024-05-06,27950.0,28150.0,27650.0,28100.0,8910000,STB
2024-05-07,28150.0,28350.0,28100.0,28300.0,8585700,STB
2024-05-08,28300.0,28350.0,27850.0,27950.0,9279100,STB
2024-05-09,28000.0,28150.0,27800.0,27800.0,7577300,STB
2024-05-10,27900.0,28000.0,27600.0,27600.0,7003400,STB
2024-05-13,27700.0,27700.0,27200.0,27250.0,8671600,STB
2024-05-14,27300.0,27550.0,27200.0,27250.0,7458600,STB
2024-05-15,27350.0,27900.0,27300.0,27800.0,9943400,STB
2024-05-16,28100.0,28650.0,28100.0,28400.0,16790800,STB
2024-05-17,28500.0,28550.0,28300.0,28500.0,7280700,STB
2024-05-20,28750.0,28750.0,28200.0,28300.0,10164400,STB
2024-05-21,28300.0,28450.0,27850.0,28300.0,10117400,STB
2024-05-22,28300.0,28400.0,27950.0,28000.0,7853200,STB
2024-05-23,27900.0,28550.0,27700.0,28550.0,10710600,STB
2024-05-24,28450.0,29250.0,28300.0,28700.0,28342000,STB
2024-05-27,28800.0,28950.0,28350.0,28700.0,6564000,STB
2024-05-28,28800.0,29000.0,28600.0,28850.0,9012300,STB
2024-05-29,28900.0,28900.0,28250.0,28250.0,10808900,STB
2024-05-30,28000.0,28250.0,27600.0,27850.0,16001700,STB
2024-05-31,28050.0,28200.0,27800.0,27850.0,5567800,STB
2024-06-03,28100.0,29750.0,28100.0,29750.0,28987800,STB
2024-06-04,30500.0,30600.0,29850.0,29950.0,23621100,STB
2024-06-05,30000.0,30400.0,29600.0,29600.0,15295100,STB
2024-06-06,29950.0,31100.0,29650.0,30700.0,31379700,STB
2024-06-07,30700.0,31100.0,30700.0,30750.0,12983500,STB
2024-06-10,31200.0,31700.0,31050.0,31100.0,15241800,STB
2024-06-11,31200.0,31350.0,30700.0,31200.0,14064100,STB
2024-06-12,31250.0,31350.0,30900.0,31350.0,11308500,STB
2024-06-13,31500.0,31900.0,31250.0,31650.0,19842400,STB
2024-06-14,31650.0,31900.0,30550.0,30550.0,15915800,STB
2024-06-17,30400.0,30800.0,30250.0,30500.0,14726900,STB
2024-06-18,30550.0,31150.0,30550.0,30550.0,11579400,STB
2024-06-19,30600.0,31200.0,30450.0,30900.0,13605100,STB
2024-06-20,31100.0,31100.0,30000.0,30750.0,24298600,STB
2024-06-21,30700.0,31350.0,30450.0,30650.0,11788900,STB
2024-06-24,30650.0,30750.0,29400.0,29500.0,20348400,STB
2024-06-25,29700.0,29800.0,29250.0,29600.0,11449300,STB
2024-06-26,29400.0,29650.0,28950.0,29500.0,14626700,STB
2024-06-27,29300.0,29500.0,29100.0,29200.0,6835800,STB
2024-06-28,29050.0,29400.0,28800.0,28800.0,10284700,STB
2024-07-01,29000.0,29350.0,28800.0,29300.0,5212400,STB
2024-07-02,29350.0,29750.0,29250.0,29600.0,5431700,STB
2024-07-03,29550.0,30100.0,29550.0,29900.0,6484600,STB
2024-07-04,29900.0,29950.0,29600.0,29900.0,4518800,STB
2024-07-05,29900.0,30150.0,29600.0,30100.0,6500200,STB
2024-07-08,30000.0,30300.0,29750.0,30150.0,22848600,STB
2024-07-09,30150.0,30400.0,29950.0,30350.0,11960500,STB
2024-07-10,30350.0,30450.0,29850.0,29850.0,7896500,STB
2024-07-11,30000.0,30150.0,29850.0,29850.0,16548800,STB
2024-07-12,30000.0,30150.0,29700.0,29750.0,9773900,STB
2024-07-15,29800.0,29950.0,29600.0,29750.0,14795700,STB
2024-07-16,29750.0,30200.0,29750.0,29900.0,7816800,STB
2024-07-17,30100.0,31200.0,29950.0,30400.0,25058400,STB
2024-07-18,30400.0,30600.0,29950.0,30600.0,21855700,STB
2024-07-19,30550.0,30850.0,30150.0,30300.0,8190200,STB
2024-07-22,30300.0,30600.0,29900.0,30000.0,22644710,STB
2024-07-23,30100.0,30300.0,29000.0,29000.0,11984600,STB
2024-07-24,29000.0,29450.0,28600.0,29200.0,12412500,STB
2024-07-25,29150.0,29150.0,28600.0,28800.0,8729600,STB
2024-07-26,28800.0,29100.0,28750.0,29100.0,5366200,STB
2024-07-29,29200.0,29400.0,28800.0,29100.0,5947800,STB
2024-07-30,29050.0,29150.0,28800.0,28900.0,4458200,STB
2024-07-31,29000.0,29250.0,28850.0,29000.0,6032600,STB
2024-08-01,29000.0,29250.0,28050.0,28050.0,11998200,STB
2024-08-02,28000.0,28550.0,27950.0,28400.0,10783600,STB
2024-08-05,28200.0,28400.0,27000.0,27200.0,21048700,STB
2024-08-06,27550.0,28450.0,27300.0,28400.0,10313400,STB
2024-08-07,28400.0,28500.0,27900.0,28400.0,7957500,STB
2024-08-08,28050.0,28600.0,28000.0,28250.0,5940500,STB
2024-08-09,28650.0,28950.0,28200.0,28850.0,9945304,STB
2024-08-12,28850.0,29350.0,28600.0,29200.0,9701500,STB
2024-08-13,29200.0,29500.0,29150.0,29150.0,7059600,STB
2024-08-14,29250.0,29400.0,29200.0,29200.0,5866500,STB
2024-08-15,29200.0,29300.0,28750.0,28950.0,3915700,STB
2024-08-16,28950.0,29450.0,28950.0,29350.0,8323900,STB
2024-08-19,29500.0,29700.0,29350.0,29650.0,6192100,STB
2024-08-20,29650.0,29800.0,29500.0,29650.0,6480400,STB
2024-08-21,29650.0,29950.0,29400.0,29950.0,9081200,STB
2024-08-22,30000.0,30050.0,29800.0,29900.0,4940600,STB
2024-08-23,29900.0,30000.0,29650.0,29950.0,5876500,STB
2024-08-26,30050.0,30200.0,29750.0,29750.0,7701300,STB
2024-08-28,29700.0,29850.0,29550.0,29550.0,4675800,STB
2024-08-29,29650.0,30900.0,29650.0,30450.0,25493800,STB
2024-08-30,30550.0,30650.0,30350.0,30550.0,5079700,STB
2024-09-04,30400.0,30400.0,29950.0,30100.0,9528600,STB
2024-09-05,30100.0,30150.0,29400.0,29600.0,10457600,STB
2024-09-06,29550.0,29900.0,29500.0,29900.0,8550100,STB
2024-09-09,29650.0,29750.0,29500.0,29500.0,4193600,STB
2024-09-10,29700.0,29750.0,29150.0,29200.0,7772100,STB
2024-09-11,29150.0,29700.0,29100.0,29600.0,6358300,STB
2024-09-12,29650.0,29800.0,29550.0,29700.0,5982700,STB
2024-09-13,29700.0,29950.0,29550.0,29800.0,9758600,STB
2024-09-16,29800.0,29900.0,29550.0,29550.0,4878700,STB
2024-09-17,29650.0,29850.0,29450.0,29850.0,9358400,STB
2024-09-18,29850.0,30600.0,29800.0,30250.0,15209700,STB
2024-09-19,30350.0,30600.0,30300.0,30500.0,7185600,STB
2024-09-20,30700.0,31300.0,30600.0,30850.0,23334300,STB
2024-09-23,30900.0,31300.0,30800.0,30800.0,6107200,STB
2024-09-24,30850.0,32050.0,30800.0,31850.0,30939400,STB
2024-09-25,32000.0,32700.0,31850.0,32700.0,29117000,STB
2024-09-26,32800.0,33200.0,32600.0,32750.0,25868600,STB
2024-09-27,32900.0,33650.0,32800.0,33600.0,23107200,STB
2024-09-30,33550.0,33650.0,33200.0,33350.0,12432400,STB
2024-10-01,33400.0,34400.0,33400.0,33500.0,20488900,STB
2024-10-02,33500.0,33900.0,33400.0,33550.0,14108200,STB
2024-10-03,33550.0,34200.0,33550.0,33750.0,19099200,STB
2024-10-04,33700.0,33800.0,33100.0,33100.0,14387400,STB
2024-10-07,33400.0,34150.0,33350.0,33800.0,14756600,STB
2024-10-08,33850.0,34200.0,33550.0,33700.0,13909400,STB
2024-10-09,33700.0,34300.0,33600.0,34150.0,17686600,STB
2024-10-10,34500.0,34800.0,33600.0,33600.0,20748300,STB
2024-10-11,33650.0,33800.0,33400.0,33800.0,8112400,STB
2024-10-14,34100.0,34200.0,33600.0,33900.0,12952200,STB
2024-10-15,33950.0,34200.0,33600.0,33700.0,12425100,STB
2024-10-16,33650.0,33750.0,33150.0,33600.0,18659100,STB
2024-10-17,33700.0,34600.0,33250.0,34600.0,37009600,STB
2024-10-18,35100.0,36450.0,34700.0,35550.0,32953800,STB
2024-10-21,35650.0,36100.0,35250.0,35250.0,13537800,STB
2024-10-22,35250.0,35900.0,34900.0,35000.0,17765700,STB
2024-10-23,35100.0,35800.0,34650.0,35800.0,12497200,STB
2024-10-24,35800.0,35800.0,33400.0,33400.0,32657700,STB
2024-10-25,33650.0,34000.0,33300.0,33450.0,19673700,STB
2024-10-28,33300.0,34100.0,33300.0,33750.0,11423600,STB
2024-10-29,33850.0,34300.0,33800.0,34050.0,11810900,STB
2024-10-31,34800.0,35700.0,34600.0,35200.0,18664700,STB
2024-11-01,35000.0,35250.0,34950.0,35000.0,13517100,STB
2024-11-04,35000.0,35350.0,34650.0,34900.0,11337200,STB
2024-11-06,35000.0,35500.0,34800.0,35500.0,6934000,STB
2024-11-07,35600.0,35800.0,35400.0,35600.0,8581800,STB
2024-11-08,35850.0,36000.0,35000.0,35500.0,12953400,STB
2024-11-11,35400.0,35550.0,33400.0,33800.0,33193000,STB
2024-11-12,33800.0,33900.0,33250.0,33550.0,14613800,STB
2024-11-13,33500.0,33500.0,32400.0,33400.0,15506400,STB
2024-11-14,33550.0,33550.0,32500.0,32500.0,9354900,STB
2024-11-15,32400.0,32850.0,32200.0,32400.0,12216400,STB
2024-11-18,32550.0,32700.0,31900.0,32600.0,10269900,STB
2024-11-19,32600.0,32600.0,31750.0,31950.0,7621700,STB
2024-11-20,31700.0,32750.0,31300.0,32400.0,8775900,STB
2024-11-21,32400.0,33050.0,32250.0,33050.0,14326600,STB
2024-11-22,33000.0,33150.0,32600.0,32650.0,9810500,STB
2024-11-25,32700.0,33150.0,32650.0,32850.0,9229200,STB
2024-11-26,33000.0,33350.0,32950.0,33200.0,7302800,STB
2024-11-27,33100.0,33300.0,32800.0,33200.0,6523000,STB
2024-11-28,33200.0,33600.0,32950.0,33150.0,9679500,STB
2024-11-29,33050.0,33300.0,32800.0,33300.0,11291200,STB
2024-12-02,33400.0,33400.0,32850.0,33100.0,5372300,STB
2024-12-03,33150.0,33150.0,32600.0,32600.0,12292200,STB
2024-12-04,32550.0,32600.0,32150.0,32400.0,7150600,STB
2024-12-05,32350.0,34000.0,32250.0,33950.0,15503900,STB
2024-12-06,33900.0,33950.0,33600.0,33800.0,17860500,STB
2024-12-09,33700.0,34100.0,33600.0,34000.0,18239800,STB
2024-12-10,34050.0,34200.0,33500.0,33500.0,10071300,STB
2024-12-11,33800.0,33900.0,33500.0,33650.0,11092000,STB
2024-12-12,33650.0,34100.0,33650.0,33800.0,5153300,STB
2024-12-13,33800.0,34200.0,33550.0,34000.0,9444600,STB
2024-12-16,34000.0,34100.0,33850.0,34100.0,6502700,STB
2024-12-17,34100.0,34200.0,33850.0,34100.0,7815800,STB
2024-12-18,34100.0,34200.0,33850.0,34200.0,9450900,STB
2024-12-19,33800.0,34000.0,33550.0,33900.0,16276200,STB
2024-12-20,33750.0,33950.0,33500.0,33850.0,12178900,STB
2024-12-23,34150.0,35000.0,34100.0,34500.0,19898800,STB
2024-12-24,34550.0,34750.0,34350.0,34700.0,8926800,STB
2024-12-25,34800.0,36500.0,34750.0,36250.0,28371900,STB
2024-12-26,36450.0,37400.0,36350.0,37100.0,16442000,STB
2024-12-27,37200.0,37400.0,36900.0,37400.0,21965700,STB
2024-12-30,37350.0,37850.0,36800.0,37850.0,11931900,STB
2024-12-31,37550.0,37550.0,36900.0,36900.0,9681400,STB
2025-01-02,36950.0,37200.0,36600.0,37000.0,17557100,STB
2025-01-03,36950.0,36950.0,36100.0,36100.0,8642600,STB
2025-01-06,36100.0,36600.0,36050.0,36250.0,9584000,STB
2025-01-07,36450.0,37050.0,36350.0,36900.0,10607300,STB
2025-01-08,36700.0,36900.0,36500.0,36700.0,6074100,STB
2025-01-09,36800.0,36900.0,36400.0,36400.0,5593400,STB
2025-01-10,36400.0,36550.0,35200.0,35200.0,16660200,STB
2025-01-13,35000.0,35350.0,34700.0,35300.0,9412600,STB
2025-01-14,35300.0,35400.0,34900.0,35400.0,7922700,STB
2025-01-15,35400.0,35450.0,35100.0,35100.0,6977700,STB
2025-01-16,35400.0,35800.0,35050.0,35450.0,9548300,STB
2025-01-17,35400.0,35800.0,35150.0,35750.0,6798900,STB
2025-01-20,35850.0,36350.0,35750.0,35950.0,6359200,STB
2025-01-21,36450.0,36450.0,35900.0,36050.0,5696100,STB
2025-01-22,36200.0,36650.0,36150.0,36350.0,11662200,STB
2025-01-23,36650.0,37550.0,36450.0,37000.0,13155400,STB
2025-01-24,37300.0,37350.0,36900.0,37000.0,5248200,STB
2025-02-03,36800.0,36900.0,36300.0,36550.0,9000500,STB
2025-02-04,36700.0,37800.0,36650.0,37300.0,17935000,STB
2025-02-05,37450.0,37500.0,37000.0,37250.0,5279300,STB
2025-02-06,37500.0,37850.0,37300.0,37350.0,9629500,STB
2025-02-07,37350.0,38100.0,37200.0,37450.0,11948300,STB
2025-02-10,37400.0,38850.0,37200.0,38450.0,24408100,STB
2025-02-11,38400.0,38700.0,38150.0,38500.0,7162500,STB
2025-02-12,38500.0,38850.0,38300.0,38650.0,8573900,STB
2025-02-13,38500.0,38800.0,38400.0,38800.0,4891600,STB
2025-02-14,39300.0,39300.0,38250.0,38250.0,8303000,STB
2025-02-17,38250.0,38500.0,38100.0,38300.0,6468100,STB
2025-02-18,38300.0,39150.0,38150.0,38650.0,8042000,STB
2025-02-19,38650.0,39100.0,38500.0,38750.0,7778000,STB
2025-02-20,38900.0,39050.0,38550.0,38750.0,7041600,STB
2025-02-21,38750.0,38950.0,38300.0,38850.0,8350200,STB
2025-02-24,38850.0,39600.0,38700.0,39400.0,7261100,STB
2025-02-25,39500.0,39700.0,39250.0,39250.0,6494000,STB
2025-02-26,39250.0,39350.0,38550.0,38550.0,15149500,STB
2025-02-27,38550.0,38650.0,38100.0,38300.0,12864400,STB
2025-02-28,38250.0,38700.0,38250.0,38250.0,5601900,STB
2025-03-03,38350.0,38850.0,38350.0,38850.0,9489600,STB
2025-03-04,38650.0,39400.0,38500.0,39200.0,9150700,STB
2025-03-05,39300.0,39700.0,38800.0,38800.0,11856400,STB
2025-03-06,38850.0,39550.0,38750.0,39500.0,9659100,STB
2025-03-07,39650.0,39900.0,39400.0,39750.0,11663800,STB
2025-03-10,40000.0,40300.0,39200.0,40000.0,16136900,STB
2025-03-11,39400.0,39900.0,39400.0,39900.0,5697100,STB
2025-03-12,40000.0,40050.0,39300.0,39750.0,12312700,STB
2025-03-13,39650.0,39700.0,38950.0,39000.0,16107200,STB
2025-03-14,38800.0,39050.0,38350.0,38850.0,12595200,STB
2025-03-17,39000.0,39200.0,38500.0,38850.0,7477600,STB
2025-03-18,38950.0,39100.0,38400.0,38400.0,6847870,STB
2025-03-19,38400.0,38600.0,37900.0,38400.0,12413700,STB
2025-03-20,38400.0,39000.0,38100.0,38900.0,9049900,STB
2025-03-21,38950.0,39000.0,38350.0,38650.0,6849400,STB
2025-03-24,38700.0,38700.0,37900.0,38600.0,9993700,STB
2025-03-25,38750.0,38800.0,38350.0,38650.0,5559800,STB
2025-03-26,38650.0,39200.0,38450.0,38600.0,12149900,STB
2025-03-27,38400.0,38600.0,38150.0,38250.0,5286900,STB
2025-03-28,38250.0,38700.0,37950.0,38250.0,7340700,STB
2025-03-31,38000.0,38750.0,37950.0,38300.0,10183800,STB
2025-04-01,38650.0,39700.0,38300.0,39700.0,12814400,STB
2025-04-02,39650.0,39750.0,39250.0,39250.0,8155200,STB
2025-04-03,38100.0,38500.0,36550.0,36550.0,90990400,STB
2025-04-04,34100.0,37500.0,34100.0,37400.0,39331000,STB
2025-04-08,36000.0,36900.0,34800.0,34800.0,55818200,STB
2025-04-09,33000.0,36000.0,32400.0,33100.0,30887500,STB
2025-04-10,35400.0,35400.0,35400.0,35400.0,551100,STB
2025-04-11,35400.0,37850.0,35400.0,37850.0,45803600,STB
2025-04-14,37950.0,38500.0,37550.0,37800.0,14443000,STB
2025-04-15,37450.0,38450.0,37100.0,38450.0,17596600,STB
2025-04-16,38600.0,38850.0,38050.0,38150.0,9915900,STB
2025-04-17,38000.0,38500.0,37950.0,38300.0,13194500,STB
2025-04-18,38600.0,39150.0,38500.0,38550.0,14439400,STB
2025-04-21,38550.0,41200.0,37850.0,40450.0,34723200,STB
2025-04-22,40450.0,40650.0,37650.0,40650.0,33497500,STB
2025-04-23,41050.0,41200.0,40150.0,40200.0,16176800,STB
2025-04-24,40200.0,40450.0,39500.0,40200.0,13836900,STB
2025-04-25,40200.0,40500.0,39150.0,39150.0,28758700,STB
2025-04-28,39250.0,39300.0,38750.0,39250.0,9043800,STB
2025-04-29,39200.0,39400.0,38900.0,39100.0,11882800,STB
2025-05-05,39200.0,39650.0,38950.0,39500.0,7418993,STB
2025-05-06,39400.0,39700.0,38850.0,38850.0,12034180,STB
2025-05-07,38950.0,39150.0,38550.0,38850.0,11356800,STB
2025-05-08,38850.0,39600.0,38750.0,39500.0,13531700,STB
2025-05-09,39400.0,40150.0,39300.0,39750.0,17226420,STB
2025-05-12,39800.0,40050.0,39750.0,40000.0,17748530,STB
2025-05-13,40350.0,40400.0,39600.0,40100.0,13381300,STB
2025-05-14,40200.0,40300.0,39700.0,40000.0,16609570,STB
2025-05-15,40200.0,41100.0,40050.0,40700.0,19331970,STB
2025-05-16,40700.0,40750.0,39800.0,39800.0,8324643,STB
2025-05-19,39500.0,39650.0,38950.0,39000.0,18997060,STB
2025-05-20,39000.0,39650.0,39000.0,39500.0,16477930,STB
2025-05-21,39500.0,42250.0,39500.0,41800.0,39113220,STB
2025-05-22,41750.0,42000.0,41000.0,41100.0,13342190,STB
2025-05-23,41100.0,41800.0,40800.0,41800.0,10684960,STB
2025-05-26,41500.0,41750.0,40300.0,41550.0,10362200,STB
2025-05-27,41550.0,42100.0,41100.0,41500.0,8613262,STB
2025-05-28,41700.0,41700.0,41050.0,41050.0,7827083,STB
2025-05-29,41150.0,41400.0,40750.0,41300.0,7366402,STB
2025-05-30,41350.0,41350.0,40550.0,40700.0,9041826,STB
2025-06-02,40700.0,42200.0,40500.0,41800.0,11984070,STB
2025-06-03,41900.0,42000.0,41550.0,41600.0,9645411,STB
2025-06-04,41700.0,41750.0,41000.0,41000.0,12024000,STB
2025-06-05,41000.0,41900.0,41000.0,41350.0,14109860,STB
2025-06-06,41300.0,42450.0,41100.0,41750.0,24961640,STB
2025-06-09,41950.0,42200.0,41600.0,41950.0,11214980,STB
2025-06-10,42100.0,44000.0,42000.0,42900.0,15157250,STB
2025-06-11,43150.0,43300.0,42600.0,42850.0,7881595,STB
2025-06-12,43200.0,45750.0,43200.0,45000.0,20159520,STB
2025-06-13,44700.0,45200.0,44250.0,44900.0,13809740,STB
2025-06-16,44600.0,45500.0,44550.0,45500.0,8044015,STB
2025-06-17,45550.0,46400.0,45500.0,46000.0,8800849,STB
2025-06-18,46000.0,47800.0,45700.0,47200.0,13450990,STB
2025-06-19,47200.0,47450.0,46700.0,47150.0,8462343,STB
2025-06-20,47300.0,47500.0,46150.0,46600.0,13736660,STB
2025-06-23,46250.0,47200.0,46150.0,46450.0,7078896,STB
2025-06-24,46850.0,47200.0,46150.0,46500.0,11192450,STB
2025-06-25,46500.0,47350.0,46450.0,46800.0,10917920,STB
2025-06-26,47000.0,47200.0,46200.0,46800.0,13650300,STB
2025-06-27,47050.0,47100.0,46350.0,46350.0,5792021,STB
2025-06-30,46600.0,47050.0,46350.0,46700.0,6020920,STB
2025-07-01,46800.0,46950.0,46450.0,46950.0,6143340,STB
2025-07-02,47300.0,48100.0,47000.0,47550.0,13507800,STB
2025-07-03,47400.0,47700.0,46400.0,46650.0,20262190,STB
2025-07-04,46700.0,47200.0,46200.0,47050.0,10943050,STB
2025-07-07,47100.0,48500.0,47100.0,47550.0,10885350,STB
2025-07-08,47700.0,48050.0,47200.0,47650.0,6922602,STB
2025-07-09,48000.0,48100.0,47350.0,47800.0,10780350,STB
2025-07-10,47900.0,47900.0,47250.0,47650.0,8928711,STB
2025-07-11,47800.0,48500.0,47350.0,47650.0,10961590,STB
2025-07-14,47750.0,48100.0,47200.0,47950.0,9836311,STB
2025-07-15,48200.0,49200.0,47700.0,47700.0,9822536,STB
2025-07-16,47800.0,48150.0,47250.0,47800.0,10667540,STB
2025-07-17,48050.0,48400.0,47600.0,47700.0,9053649,STB
2025-07-18,48000.0,50500.0,47400.0,50200.0,26114970,STB
2025-07-21,50700.0,50800.0,49150.0,49500.0,10604750,STB
2025-07-22,49200.0,49500.0,48700.0,49500.0,9546497,STB
2025-07-23,49700.0,49700.0,48500.0,48700.0,15515150,STB
2025-07-24,48800.0,49500.0,48500.0,49000.0,11471450,STB
2025-07-25,49450.0,49500.0,48800.0,48800.0,7950881,STB
2025-07-28,48800.0,49300.0,48350.0,49100.0,15485120,STB
2025-07-29,49100.0,50800.0,48000.0,48000.0,24491060,STB
2025-07-30,48850.0,50300.0,48100.0,49300.0,18875930,STB
2025-07-31,49900.0,50700.0,49250.0,49950.0,18166860,STB
2025-08-01,50300.0,50800.0,49100.0,49400.0,14741840,STB
2025-08-04,48900.0,50000.0,48500.0,50000.0,10242710,STB
2025-08-05,50400.0,53500.0,49650.0,51700.0,37262640,STB
2025-08-06,52600.0,54100.0,52200.0,54100.0,12772020,STB
2025-08-07,54800.0,55200.0,52900.0,54600.0,16934450,STB
2025-08-08,54400.0,54400.0,52500.0,54000.0,16928750,STB
2025-08-11,53600.0,53800.0,52700.0,53700.0,11424770,STB
2025-08-12,53600.0,54800.0,53000.0,54000.0,7094339,STB
2025-08-13,54400.0,54400.0,52900.0,53900.0,10607330,STB
2025-08-14,54300.0,56300.0,53700.0,55400.0,16037120,STB
2025-08-15,55900.0,56000.0,53000.0,53900.0,13837090,STB
2025-08-18,53900.0,53900.0,52200.0,52800.0,13006730,STB
2025-08-19,52700.0,53900.0,52300.0,53200.0,10624660,STB
2025-08-20,53400.0,54400.0,51700.0,54100.0,25015740,STB
2025-08-21,54800.0,57800.0,54700.0,57800.0,27522560,STB
2025-08-22,57400.0,59100.0,54600.0,55500.0,21868840,STB
2025-08-25,56200.0,56500.0,51700.0,53000.0,22716680,STB
2025-08-26,52500.0,55000.0,52400.0,55000.0,16118290,STB
2025-08-27,55300.0,56400.0,54100.0,55600.0,16463040,STB
2025-08-28,55900.0,56200.0,54400.0,54800.0,8588857,STB
2025-08-29,55200.0,55800.0,54300.0,55600.0,13875990,STB
2025-09-03,56000.0,56300.0,55200.0,56300.0,7617078,STB
2025-09-04,56700.0,56800.0,55700.0,56400.0,9532512,STB
2025-09-05,56900.0,57100.0,54800.0,56000.0,14047120,STB
2025-09-08,55700.0,56200.0,53900.0,54000.0,14931590,STB
2025-09-09,53900.0,54300.0,53100.0,54200.0,6247990,STB
2025-09-10,54500.0,54900.0,53400.0,53900.0,12256160,STB
2025-09-11,54200.0,55700.0,52600.0,55400.0,13576850,STB
2025-09-12,55900.0,55900.0,55100.0,55400.0,8000799,STB
2025-09-15,55200.0,56000.0,54500.0,56000.0,9036955,STB
2025-09-16,56400.0,56900.0,55900.0,56100.0,6902030,STB
2025-09-17,56300.0,56600.0,55500.0,56200.0,9364978,STB
2025-09-18,56500.0,57300.0,55800.0,57000.0,10570460,STB
2025-09-19,57400.0,57500.0,55200.0,55200.0,19608840,STB
2025-09-22,55500.0,55700.0,53600.0,54800.0,10972850,STB
2025-09-23,55200.0,55700.0,54500.0,55400.0,8084382,STB
2025-09-24,55400.0,57000.0,54500.0,57000.0,9384008,STB
2025-09-25,57200.0,57200.0,56000.0,56900.0,8699334,STB
2025-09-26,56900.0,56900.0,55900.0,56500.0,11858440,STB
2025-09-29,56500.0,56600.0,55400.0,56600.0,14328690,STB
2025-09-30,56600.0,57100.0,56000.0,56900.0,12643920,STB
2025-10-01,57100.0,59800.0,56700.0,59800.0,24204260,STB
2025-10-02,60000.0,60300.0,58000.0,58700.0,10900630,STB
2025-10-03,58600.0,58600.0,57000.0,57000.0,9467224,STB
2025-10-06,58000.0,59800.0,57100.0,59800.0,11922310,STB
2025-10-07,60000.0,60400.0,58500.0,58500.0,7769493,STB
2025-10-08,58600.0,60000.0,58500.0,59900.0,10445680,STB
2025-10-09,60300.0,61000.0,59700.0,60000.0,15161510,STB
2025-10-10,60200.0,60400.0,59200.0,60400.0,8207678,STB
2025-10-13,59900.0,61000.0,59300.0,61000.0,11184160,STB
2025-10-14,61100.0,61300.0,60100.0,60600.0,9231796,STB
2025-10-15,60200.0,60800.0,60000.0,60000.0,5566543,STB
2025-10-16,60100.0,60400.0,58500.0,59500.0,10421690,STB
2025-10-17,59000.0,59300.0,58100.0,59000.0,6700212,STB
2025-10-20,58600.0,58800.0,54900.0,54900.0,13419710,STB
2025-10-21,55500.0,55600.0,53000.0,55600.0,15863430,STB
2025-10-22,55700.0,55700.0,53500.0,55400.0,5684973,STB
2025-10-23,55400.0,55900.0,54700.0,55600.0,6135295,STB
2025-10-24,55200.0,55500.0,53600.0,54500.0,7446651,STB
2025-10-27,54500.0,55300.0,53500.0,54600.0,5180313,STB
2025-10-28,54400.0,56800.0,53600.0,56800.0,9983338,STB
2025-10-29,56800.0,58100.0,56500.0,57200.0,6310832,STB
2025-10-30,57200.0,57300.0,56400.0,56900.0,3284685,STB
2025-10-31,56700.0,57200.0,55500.0,55500.0,6862230,STB
2025-11-03,55400.0,55800.0,52300.0,52300.0,6773883,STB
2025-11-04,52000.0,54800.0,51700.0,53900.0,11922510,STB
2025-11-05,53500.0,54500.0,53200.0,53500.0,12914950,STB
2025-11-06,53500.0,53800.0,51900.0,51900.0,8102423,STB
2025-11-07,51700.0,51900.0,48350.0,48350.0,21028390,STB
2025-11-10,48500.0,49400.0,48350.0,48500.0,13856820,STB
2025-11-11,48700.0,49650.0,47450.0,49650.0,13321470,STB
2025-11-12,49700.0,50600.0,48850.0,50600.0,10302590,STB
2025-11-13,50500.0,50500.0,48550.0,48700.0,17044680,STB
2025-11-14,48600.0,48650.0,47400.0,48050.0,16400550,STB
2025-11-17,48100.0,49050.0,47900.0,48900.0,13579430,STB
2025-11-18,48900.0,49650.0,48500.0,49500.0,9465060,STB
2025-11-19,49450.0,50300.0,49050.0,49500.0,12959060,STB
2025-11-20,49500.0,49800.0,49100.0,49500.0,9327484,STB
2025-11-21,49050.0,51300.0,48900.0,51300.0,10156660,STB
2025-11-24,51500.0,51500.0,50000.0,50000.0,8133142,STB
2025-11-25,50000.0,51000.0,49750.0,50000.0,10203050,STB
2025-11-26,50100.0,51200.0,49950.0,49950.0,11985870,STB
2025-11-27,49800.0,50600.0,49300.0,49300.0,7683890,STB
2025-11-28,49000.0,49550.0,48600.0,48600.0,6476387,STB
2025-12-01,48700.0,49600.0,48650.0,49000.0,6152811,STB
2025-12-02,49000.0,49650.0,49000.0,49400.0,5969432,STB
2025-12-03,49200.0,50900.0,49200.0,49700.0,8303838,STB
2025-12-04,50000.0,51000.0,49950.0,50200.0,9776524,STB
2025-12-05,50600.0,50600.0,49200.0,49200.0,6315148,STB
2025-12-08,49200.0,49250.0,48700.0,48700.0,5542611,STB
2025-12-09,48350.0,49250.0,48050.0,48550.0,17275770,STB
2025-12-10,48450.0,48650.0,48400.0,48600.0,6095523,STB
2025-12-11,48400.0,48600.0,47700.0,47700.0,6165318,STB
2025-12-12,47700.0,48500.0,46000.0,46000.0,10963590,STB
2025-12-15,46050.0,47200.0,45950.0,46800.0,6056512,STB
2025-12-16,46500.0,48200.0,46500.0,47050.0,6531174,STB
2025-12-17,47200.0,47800.0,47100.0,47200.0,4965327,STB
2025-12-18,47000.0,48000.0,46900.0,48000.0,5529969,STB
2025-12-19,47700.0,49000.0,47700.0,49000.0,7526911,STB
2025-12-22,49300.0,52400.0,48600.0,52400.0,15138040,STB
2025-12-23,54700.0,56000.0,54200.0,56000.0,12789610,STB
2025-12-24,58800.0,58800.0,56600.0,58700.0,19997450,STB
2025-12-25,58300.0,58600.0,55900.0,55900.0,19115010,STB
2025-12-26,55500.0,57500.0,53100.0,57500.0,17737620,STB
2025-12-29,58200.0,60400.0,58100.0,59900.0,25564620,STB
2025-12-30,60300.0,60800.0,58500.0,60000.0,20873470,STB
2025-12-31,59600.0,60200.0,58000.0,58000.0,18845870,STB
2026-01-05,58200.0,58300.0,56000.0,57900.0,18344730,STB
2026-01-06,57500.0,58700.0,56700.0,56700.0,12716440,STB
2026-01-07,55600.0,55900.0,52800.0,53400.0,54002710,STB
2026-01-08,53700.0,55200.0,53100.0,53500.0,19746630,STB
2026-01-09,53600.0,54300.0,51500.0,51800.0,21570190,STB
2026-01-12,51500.0,54300.0,51100.0,53800.0,25444040,STB
2026-01-13,53800.0,55200.0,53700.0,54100.0,18239570,STB
2026-01-14,53900.0,55100.0,53800.0,54100.0,19693300,STB
2026-01-15,53800.0,57800.0,53700.0,57800.0,23824970,STB
2026-01-16,59400.0,60600.0,57900.0,58400.0,22499300,STB
2026-01-19,58000.0,58700.0,57600.0,58300.0,8947134,STB
2026-01-20,58200.0,60900.0,58100.0,58100.0,16610660,STB
2026-01-21,57600.0,62100.0,57200.0,62100.0,28409480,STB
2026-01-22,63000.0,66400.0,63000.0,63500.0,17221290,STB
2026-01-23,63200.0,66100.0,62600.0,62600.0,16542820,STB
2026-01-26,63000.0,63800.0,61600.0,62000.0,15362140,STB
2026-01-27,62000.0,63300.0,61000.0,61900.0,12505130,STB
2026-01-28,62000.0,65600.0,61900.0,63200.0,14376800,STB
2026-01-29,64000.0,64400.0,62600.0,62800.0,8023777,STB
2026-01-30,62800.0,65000.0,62700.0,63000.0,13220750,STB
2026-02-02,63000.0,64000.0,62000.0,63500.0,16113950,STB
2026-02-03,64000.0,64500.0,62700.0,63000.0,10294150,STB
2026-02-04,62800.0,64600.0,62600.0,63800.0,15339630,STB
2026-02-05,63800.0,65000.0,62300.0,62300.0,10912950,STB
2026-02-06,61800.0,62400.0,60800.0,61500.0,18580970,STB
2026-02-09,61600.0,62100.0,60300.0,60300.0,10278270,STB
2026-02-10,60300.0,60700.0,59000.0,59500.0,16272240,STB
2026-02-11,59300.0,62900.0,59300.0,61100.0,12777310,STB
2026-02-12,61200.0,62700.0,61100.0,61100.0,5438968,STB
2026-02-13,61200.0,62600.0,61100.0,62600.0,9001143,STB
2026-02-23,62500.0,63700.0,62500.0,62900.0,5823466,STB
2026-02-24,63200.0,64200.0,63000.0,63400.0,8052050,STB
2026-02-25,63400.0,67800.0,63400.0,66700.0,23929970,STB
2026-02-26,66800.0,67300.0,65600.0,67000.0,10588880,STB
2026-02-27,66900.0,67200.0,65500.0,65500.0,7085703,STB
2026-03-02,65100.0,70000.0,64100.0,67000.0,23267220,STB
2026-03-03,67000.0,70200.0,67000.0,67800.0,11788320,STB
2026-03-04,67600.0,68100.0,65300.0,66700.0,17986070,STB
2026-03-05,67600.0,68700.0,64900.0,64900.0,12453490,STB
2026-03-06,64900.0,65400.0,62600.0,63800.0,10008850,STB
2026-03-09,59400.0,64100.0,59400.0,60800.0,38862980,STB
2026-03-10,63000.0,65000.0,62600.0,65000.0,26256810,STB
2026-03-11,65100.0,67400.0,64500.0,66300.0,13055110,STB
2026-03-12,65600.0,67100.0,65100.0,65700.0,7456715,STB
2026-03-13,65000.0,67000.0,64900.0,65800.0,7387341,STB
2026-03-16,65700.0,68900.0,65600.0,66600.0,10889580,STB
2026-03-17,67000.0,69200.0,67000.0,67600.0,11332640,STB
2026-03-18,67700.0,68800.0,62900.0,63300.0,36468510,STB
2026-03-19,63300.0,64700.0,62100.0,63400.0,13050070,STB
2026-03-20,63100.0,64000.0,62700.0,63400.0,11325270,STB
2026-03-23,62400.0,62900.0,60000.0,60000.0,13541650,STB
2026-03-24,61100.0,62000.0,60500.0,60800.0,11187330,STB
2026-03-25,61300.0,62700.0,61100.0,62200.0,8995544,STB
2026-03-26,62000.0,62100.0,60300.0,60600.0,7453717,STB
2026-03-27,60500.0,60700.0,59700.0,59900.0,12147170,STB
2026-03-30,58900.0,63400.0,58100.0,61200.0,8116001,STB
2026-03-31,61200.0,62700.0,61200.0,62200.0,14796120,STB
2026-04-01,62800.0,63700.0,62200.0,62200.0,4151547,STB
2026-04-02,61600.0,62100.0,60700.0,61100.0,7316791,STB
2026-04-03,60800.0,62300.0,60600.0,60800.0,4781482,STB
2026-04-06,60800.0,62100.0,59600.0,61200.0,20493510,STB
2026-04-07,61500.0,62000.0,61000.0,61700.0,2933538,STB
2026-04-08,63500.0,66000.0,63100.0,66000.0,16330570,STB
2026-04-09,65900.0,68800.0,65500.0,66300.0,12298920,STB
2026-04-10,66300.0,68700.0,66100.0,66900.0,10425770,STB
2026-04-13,66300.0,68700.0,66000.0,67300.0,5235560,STB
2026-04-14,67900.0,68200.0,66100.0,66100.0,4182959,STB
2026-04-15,66400.0,66500.0,64300.0,64300.0,7591522,STB
2026-04-16,64500.0,65500.0,63500.0,63800.0,4598181,STB
2026-04-17,64000.0,65200.0,63900.0,64000.0,4063077,STB
2026-04-20,64500.0,65200.0,64100.0,64200.0,2678722,STB
2026-04-21,68000.0,68600.0,66900.0,67700.0,14186310,STB
2026-04-22,68400.0,69200.0,66500.0,66500.0,8906934,STB
2026-04-23,66700.0,67000.0,65200.0,65400.0,7990945,STB
2026-04-24,65400.0,65500.0,64800.0,64900.0,4720576,STB
2026-04-28,65900.0,69300.0,65100.0,68100.0,8291372,STB
2026-04-29,67800.0,68900.0,67300.0,67500.0,4954497,STB
2026-05-04,67600.0,68100.0,66200.0,66200.0,5447898,STB
2026-05-05,66200.0,67000.0,65800.0,66600.0,3701679,STB
2026-05-06,66600.0,69800.0,66600.0,68900.0,10233010,STB
2026-05-07,69000.0,73700.0,68400.0,73700.0,21188010,STB
2026-05-08,74000.0,74800.0,72300.0,73500.0,8627058,STB
2026-05-11,73000.0,73300.0,71900.0,72200.0,4037240,STB
2026-05-12,72300.0,76800.0,71900.0,76800.0,7048822,STB
2026-05-13,76000.0,76600.0,73500.0,73500.0,11118780,STB
2026-05-14,73000.0,75100.0,72800.0,73600.0,5244599,STB
2026-05-15,73900.0,74400.0,72800.0,72900.0,3857977,STB
2026-05-18,72900.0,74000.0,71600.0,72100.0,6060931,STB
2026-05-19,72100.0,73300.0,71600.0,72300.0,7904536,STB
2026-05-20,71700.0,72400.0,70100.0,71600.0,8533924,STB
2026-05-21,71800.0,72800.0,70700.0,70800.0,9617150,STB
2026-05-22,71100.0,71800.0,70500.0,71200.0,5266780,STB
